Artist,Title,Spotify URL
Post Malone,rockstar,7wGoVu4Dady5GV0Sv4UIsx
Camila Cabello,Havana,0ofbQMrRDsUaVKq2mGLEAb
Dua Lipa,New Rules,2ekn2ttSfGqwhhate0LSR0
Selena Gomez,Wolves,7EmGUiUaOSGDnUUQUDrOXC
Maroon 5,What Lovers Do (feat. SZA),4mxWSdf71VFO52qFeY0fZt
ZAYN,Dusk Till Dawn - Radio Edit,1j4kHkkpqZRBwE0A4CN4Yv
Ed Sheeran,Perfect,0tgVpDi06FyKpA1z0VMD4v
Sam Smith,Too Good At Goodbyes - Edit,0mel2N9Ws9r4yLQn5QE21Y
Marshmello,Silence,7vGuf3Y35N4wmASOKLUVVU
Logic,1-800-273-8255,5tz69p7tJuGPeMGwNTxYuV
NF,Let You Down,6mrKP2jyIQmM0rw6fQryjr
Lil Pump,Gucci Gang,43ZyHQITOjhciSUUNPVRHc
Post Malone,I Fall Apart,75ZvA4QfFiZvzhj2xkaWAh
Khalid,Young Dumb & Broke,5Z3GHaZ6ec9bsiI5BenrbY
Demi Lovato,Sorry Not Sorry,3m660poUr1chesgkkjQM7P
J Balvin,Mi Gente,2rb5MvYT7ZIxbKW5hfcHx8
Ed Sheeran,Shape of You,7qiZfU4dY1lWllzX7mPBI3
Portugal. The Man,Feel It Still,6QgjcU0zLnzq5OrUoSZ3OK
Charlie Puth,How Long,32DGGj6KlNuBr6WaqRxpxi
Macklemore,Glorious (feat. Skylar Grey),0CokSRCu5hZgPxcZBaEzVE
French Montana,Unforgettable,3B54sVLJ402zGa6Xm4YGNe
Kygo,Stargazing,0Zbbxnx4SGGHoIow4PpISP
Lil Uzi Vert,XO TOUR Llif3,7GX5flRQZVHRAGd6B4TmDO
Imagine Dragons,Thunder,0tKcYR2II1VCQWT79i5NrW
21 Savage,Bank Account,2fQrGHiQOvpL9UgPvtYy6G
Avicii,Lonely Together (feat. Rita Ora),2OALaHcDdKkjYEpAr0Qzab
Justin Bieber,Friends (with BloodPop®),7nZmah2llfvLDiUjm0kiyz
Hailee Steinfeld,"Let Me Go (with Alesso, Florida Georgia Line & watt)",5AEtlRudpgdT5FtNiuly6Y
Post Malone,Congratulations,3a1lNhkSLSkpJE4MSHpDu9
J Balvin,Mi Gente (feat. Beyoncé),7fwXWKdDNI5IutOMc5OKYw
P!nk,What About Us,0Qh38w01QRXK6KHIv0e3hb
Cardi B,Bodak Yellow,2771LMNxwf62FTAdpJMQfM
Natti Natasha,Criminal,2SmgFAhQkQCQPyBiBxR6Te
Charlie Puth,Attention,4iLqG9SeJSnt0cSPICSjxv
Ozuna,Se Preparó,1m69ELEgE6k5ZWsap40ozt
Danny Ocean,Me Rehúso,6De0lHrwBfPfrhorm9q1Xl
Taylor Swift,Look What You Made Me Do,6uFsE1JgZ20EXyU0JQZbUR
XXXTENTACION,Jocelyn Flores,7m9OqQk4RVRkw9JJdeAw96
Becky G,Mayores,7JNh1cfm0eXjqFVOzKLyau
Axwell /\ Ingrosso,More Than You Know,3PEgB3fkiojxms35ntsTgs
Lauv,I Like Me Better,1wjzFQodRWrPcQ0AnYnvQ9
Kendrick Lamar,HUMBLE.,7KXjTSCq5nL1LoYtL7XAwS
Calvin Harris,Feels,5bcTCxgc7xVfSaMV3RuVke
Niall Horan,Too Much To Ask,4v094LQ9eF10k2O2Te2ngK
Migos,MotorSport,1YZfcVLbbJwfizR5cDOp3q
Avicii,Without You (feat. Sandro Cavazza),6WbADFqMvR8N5u0BvtsWQE
Taylor Swift,Gorgeous,5Gd19NupVe5X8bAqxf9Iaz
Luis Fonsi,Despacito - Remix,5CtI0qwDJkDQGwXD1H1cLb
Gucci Mane,I Get The Bag (feat. Migos),1XRgIKC5TPwo7nWGyKqgG0
Shawn Mendes,There's Nothing Holdin' Me Back,79cuOz3SPQTuFrp8WgftAu
DJ Khaled,Wild Thoughts,1OAh8uOEOvTDqkKFsKksCi
Shakira,Perro Fiel,70lnL3QaSOIIyMa2X9aVRL
J Balvin,Bonita,693iqPOQvhI7PobtR8CC8v
Lorde,"Homemade Dynamite (Feat. Khalid, Post Malone & SZA) - REMIX",69Naniu2KjKjaQOBUagE8U
Bebe Rexha,Meant to Be (feat. Florida Georgia Line),7iDa6hUg2VgEL1o1HjmfBn
Macklemore,Good Old Days (feat. Kesha),2Za1AlJNvksouPPWbXpR2X
Lil Uzi Vert,The Way Life Goes (feat. Oh Wonder),2eAZfqOm4EnOF9VvN50Tyc
Maluma,Felices los 4,0qYTZCo5Bwh1nsUFGZP3zn
A$AP Ferg,Plain Jane,4dVpf9jZjcORqGTLUaeYj9
CNCO,Reggaetón Lento (Remix) [CNCO & Little Mix],3zoYkqS4y2BsGVShPL2nTE
Alex Sensation,Que Va,7ofxPmTNMj2GP07g1VZa0O
Imagine Dragons,Believer,0CcQNd8CINkwQfe1RDtGV6
Post Malone,Go Flex,5yuShbu70mtHXY0yLzCQLQ
The Chainsmokers,Something Just Like This,6RUKPb4LETWmmr3iAEQktW
Nacho,Báilame - Remix,3VClLWqNn80Llv0PJOsKgr
DJ Snake,A Different Way (with Lauv),0Wv5wuenRLI3BcwgT3HPIP
Travis Scott,Butterfly Effect,1yxgsra98r3qAtxqiGZPiX
Halsey,Bad At Love,7y9iMe8SOB6z3NoHE2OfXl
Liam Payne,Strip That Down,6EpRaXYhGOB3fj4V2uDkMJ
Wisin,Escápate Conmigo,2cnKEkpVUSV4wnjQiTWfH6
Jonas Blue,Mama,0NiXXAI876aGImAd6rTj8w
Chris Brown,Questions,3ojTJaonfkL96iIWa47SU3
Travis Scott,goosebumps,6gBFPUFcJLzWGx4lenP6h2
Clean Bandit,I Miss You (feat. Julia Michaels),2xmrfQpmS2iJExTlklLoAL
Louis Tomlinson,Back to You (feat. Bebe Rexha & Digital Farm Animals),7F9vK8hNFMml4GtHsaXui6
Carlos Vives,Robarte un Beso,4z3GJkrtH97Bj6fRta983T
Joey Montana,Suena El Dembow,5TysCiZtv1HnSWcTcUFusI
Khalid,Location,152lZdxL1OR0ZMW6KquMif
Niall Horan,Slow Hands,38yBBH2jacvDxrznF7h08J
Liam Payne,Bedroom Floor,1pZdegOXTZ2ftINo3oUuRZ
DJ Khaled,I'm the One,3DXncPQOG4VBw3QHh3S817
James Arthur,Say You Won't Let Go,5uCax9HTNlzGybIStD3vDh
Luis Fonsi,Despacito (Featuring Daddy Yankee),4aWmUDTfIPGksMNLV2rQP2
Manuel Turizo,Una Lady Como Tú,7MHN1aCFtLXjownGhvEQlF
Daddy Yankee,Vuelve,0lJCqIx5BhZtf6QtYI2fbv
21 Savage,Ghostface Killers,5u6vkDnOyaf8LsteDAj2ub
Post Malone,Candy Paint,42CeaId2XNlxugDvyqHfDf
G-Eazy,No Limit,2Xqd0wUttjueBfdcltADOv
Jason Derulo,Swalla (feat. Nicki Minaj & Ty Dolla $ign),6kex4EBAj0WHXDKZMEJaaF
Jason Derulo,If I'm Lucky,6eUncuJutsFi9BGO1JaBHh
Kodak Black,Roll In Peace (feat. XXXTENTACION),40oKW22ZNNkEdZLJTScaQI
Big Shaq,Man's Not Hot,2nUJvBO87SkxCViQsLc9Zr
Taylor Swift,...Ready For It?,19WjVVgXjdKXfLXoaDPwTM
XXXTENTACION,Fuck Love (feat. Trippie Redd),7AQim7LbvFVZJE3O8TYgf2
David Guetta,2U (feat. Justin Bieber),3A7qX2QjDlPnazUsRk5y0M
Bausa,Was Du Liebe nennst,4hKWUzhQWsOkgT6LnDEASe
Kygo,Kids in Love,2UxfcZJCphbEkfbZ6nLiDx
Chris Jeday,Ahora Dice,22eADXu8DfOAUEDw4vU8qy
Clean Bandit,Symphony (feat. Zara Larsson),1x5sYLZiu9r5E43kMlt9f8
Future,Mask Off,3rOSwuTsUlJp0Pu0MkN8r8
Migos,Slippery (feat. Gucci Mane),6p8NuHm8uCGnn2Dtbtf7zE
Ozuna,Tú Foto,5zSOVwaY3sVjnmLhuEfsuf
Rita Ora,Anywhere,7EI6Iki24tBHAMxtb4xQN2
Rita Ora,Your Song,4c2W3VKsOFoIg2SFaO6DY5
Bruno Mars,That's What I Like,0KKkJNfGyhkQ5aFogxQAPU
Alan Walker,All Falls Down,5yFSF6qQA1rcLsQRnBsZgb
Kygo,It Ain't Me (with Selena Gomez),3eR23VReFzcdmS7TYCrhCe
Ed Sheeran,Galway Girl,0afhq8XCExXpqazXczTSve
Yandel,Explícale,1LszjjoVwDDZcWUQbzeDLG
Post Malone,White Iverson,6eT7xZZlB2mwyzJ2sUKG6w
Cheat Codes,Feels Great (feat. Fetty Wap & CVBZ),5uu28fUesZMl89lf9CLrgN
The Chainsmokers,Closer,7BKLCZ1jbUBVqRi2FVlTVw
Yo Gotti,Rake It Up,4knL4iPxPOZjQzTUlELGSY
Cheat Codes,No Promises (feat. Demi Lovato),1louJpMmzEicAn7lzDalPW
A Boogie Wit da Hoodie,Drowning (feat. Kodak Black),1f5cbQtDrykjarZVrShaDI
Martin Garrix,There for You,6jA8HL9i4QGzsj6fjoxp8Y
Jesse & Joy,3 A.M.,0yyZN5ASdrYu0XYWFzfxUu
Maggie Lindemann,Pretty Girl - Cheat Codes X CADE Remix,1NDxZ7cFAo481dtYWdrUnR
Sam Smith,Pray,0D8ZpOXVjapLXrjz5VfZSD
Drake,One Dance,1xznGGDReH1oQq0xzbwXa3
CNCO,Hey DJ,209gZgcfLq2aUuu51vOWBl
Ozuna,El Farsante,5EId1m4DNwTf3at31w8bPJ
ZAYN,"I Don’t Wanna Live Forever (Fifty Shades Darker) - From ""Fifty Shades Darker (Original Motion Picture Soundtrack)""",3NdDpSvN911VPGivFlV5d0
Zedd,Stay (with Alessia Cara),0dA2Mk56wEzDgegdC6R17g
Romeo Santos,Bella y Sensual,0ERbK7qVqveCaBWIiYCrl3
Daya,New,7y4JznkAv2W3IKw9T1o2VK
Childish Gambino,Redbone,3kxfsdsCpFgN412fpnW85Y
Ed Sheeran,Photograph,6fxVffaTuwjgEk5h9QyRjy
XXXTENTACION,Everybody Dies In Their Nightmares,3GVkPk8mqxz0itaAriG1L7
The Weeknd,Starboy,5aAx2yezTd8zXrkmtKl66Z
Ed Sheeran,Thinking Out Loud,1Slwb6dOYkBlWal1PGtnNg
Michael Jackson,Thriller,3S2R0EVwBSAVMd5UMgKTL0
Kendrick Lamar,DNA.,6HZILIRieu8S0iqY8kIKhj
Julia Michaels,Issues,6D0b04NJIKfEMg040WioJQ
Abraham Mateo,Loco Enamorado,4N1c5rmWOzRmB9SMacr5wB
XXXTENTACION,Look At Me!,7floNISpH8VF4z4459Qo18
Tay-K,The Race,5RCfvwDewu6p2x1mEI6smX
Yandel,Como Antes,5YzA563GXTuwQaRq24z1k5
Robin Schulz,OK,3bWAqKDWg6u1davspr5IkS
Martin Garrix,Scared to Be Lonely,3ebXMykcMXOcLeJ9xZ17XH
Farruko,Krippy Kush,7FfpP3YZ6fOWMdxkIAtud9
Lil Uzi Vert,Sauce It Up,1uL78kFWxhz3umTMWJu8n5
Sam Smith,Burning,7FzhZ7C3NhM1UyqSHV9ytY
Maroon 5,Help Me Out (with Julia Michaels),2uSLx5uwRIhiA3sJJraNqX
Kodak Black,Transportin',1WIZiOuNO3woKfdlSK2gNn
Drake,Passionfruit,7hDc8b7IXETo14hHIHdnhd
Selena Gomez,Fetish (feat. Gucci Mane),0XLOf9LhyazPX9Ld8jPiUq
Offset,Ric Flair Drip,7sO5G9EABYOXQKNPNiE9NR
blackbear,do re mi (feat. Gucci Mane),53mrVsi49rLHIaKBiSvElG
OneRepublic,Rich Love (with Seeb),7aF09WaavZAmAWuUeYxlYD
The Weeknd,I Feel It Coming,5GXAXm5YOmYT0kL5jHvYBt
Playboi Carti,Magnolia,1e1JKLEDKP7hEQzJfNAgPl
Kendrick Lamar,LOVE. FEAT. ZACARI.,6PGoSes0D9eUDeeAafB2As
Future,Patek Water,7r6LNJT2LqpLpEyZQJPygt
Clean Bandit,Rockabye (feat. Sean Paul & Anne-Marie),5knuzwU65gJK7IF5yJsuaW
Nicky Jam,Si Tú La Ves,4yN6xPLopmTLvc27pO9LIE
Imagine Dragons,Whatever It Takes,4IWAyPf1KMq7JCyGeCjTeH
Anuel Aa,"Sola (Remix) [feat. Daddy Yankee, Wisin, Farruko, Zion & Lennox]",5q2JbCNi4FcnglgPfxcV65
Hailee Steinfeld,Most Girls,2mfUa8bLs2s5N4VaqJZ4lZ
Ed Sheeran,Happier,2RttW7RAu5nOAfq6YFvApB
The Killers,Mr. Brightside,7oK9VyNzrYvRFo7nQEYkWN
Kesha,Praying,0jdny0dhgjUwoIp5GkqEaA
Charlie Puth,We Don't Talk Anymore (feat. Selena Gomez),68EMU2RD1ECNeOeJ5qAXCV
Ed Sheeran,Castle on the Hill,6PCUP3dWmTjcTtXY02oFdT
SZA,Love Galore,0q75NwOoFiARAVp4EXU4Bs
Katy Perry,Swish Swish,2kVHAQKVtczchKctctzbtK
Sebastian Yatra,SUTRA,5TmZYdHW6HJ9gt7Aokuql5
Migos,Bad and Boujee (feat. Lil Uzi Vert),4Km5HrUvYTaSUfiSGPJeQR
Young Thug,Relationship (feat. Future),25oOaleife6E2MIKmFkPvg
Eminem,Lose Yourself - Soundtrack Version,7w9bgPAmPTtrkt2v16QWvQ
Harry Styles,Sign of the Times,5Ohxk2dO5COHF1krpoPigN
Sam Hunt,Body Like A Back Road,7mldq42yDuxiUNn08nvzHO
Chris Brown,Pills & Automobiles,5gx2E5aIXMRBellPZW1up5
Alesso,Is That For Me,2KwojFDebQV4J2b0JMRR5Q
Rich The Kid,New Freezer (feat. Kendrick Lamar),4pYZLpX23Vx8rwDpJCpPTA
2 Chainz,It's A Vibe,6H0AwSQ20mo62jGlPGB8S6
Kane Brown,What Ifs,7zVCrzzEJU7u24sbJPXA5W
Miley Cyrus,Malibu,1UZOjK1BwmwWU14Erba9CZ
KYLE,iSpy (feat. Lil Yachty),2EEeOnHehOozLq4aS0n6SL
Oasis,Wonderwall - Remastered,5qqabIl2vWzo9ApSC317sa
Major Lazer,"Know No Better (feat. Travis Scott, Camila Cabello & Quavo)",3Ytr1SUCUi6J3L9dRFx5iH
Bruno Mars,24K Magic,6b8Be6ljOzmkOmFslEb23P
Zion & Lennox,Otra Vez (feat. J Balvin),3QwBODjSEzelZyVjxPOHdq
DJ Snake,Let Me Love You,4pdPtRcBmOSQDlJ3Fk945m
R3HAB,I Just Can't,3gfmFoJgmn9LiIj5mV8oSS
Camila Cabello,Crying in the Club,1SJtlNRJDeYHioymcvsqev
Sam Smith,Stay With Me,5Db9VIdDsN5yu3Eu7CT0i4
The Chainsmokers,Paris,72jbDTw1piOOj770jWNeaG
Lauv,Easy Love,2ZE3DJuizYTad2S4CvRRhK
Karol G,Ahora Me Llama,11ZRYISCsAsLyyJo47DudZ
Shawn Mendes,Treat You Better,4Hf7WnR761jpxPr5D46Bcd
21 Savage,Rap Saved Me,0tdCy39PgWN8LFWu34ORn3
Coldplay,The Scientist,75JFxkI2RXiU7L9VXzMkle
Eminem,'Till I Collapse,6yr8GiTHWvFfi4o6Q5ebdT
Skrillex,Would You Ever,57p8CBvPOxrvyCbn6ttl5r
Kendrick Lamar,LOYALTY. FEAT. RIHANNA.,6SwRhMLwNqEi6alNPVG00n
The Chainsmokers,Don't Let Me Down,0QsvXIfqM0zZoerQfsI9lm
Piso 21,Me Llamas (feat. Maluma) - Remix,5hEM0JchdVzQ5PwvSfITeX
Martin Jensen,Solo Dance,6HUnnBwYZqcED1eQztxMBN
Justin Bieber,Love Yourself,3hB5DgAiMAQ4DzYbsMq1IT
Chris Brown,Questions,5XQMr19TL7Mfksq9zihbOu
Yo Gotti,Rake It Up,6c7D34787LOtPm8tzhsLgH
Future,Feed Me Dope,3lyeSiAIdLoZUHhV8psOTI
Niall Horan,This Town,3UwT4FadEGWyMdaSwYcUBY
BTS,DNA,5SE57ljOIUJ1ybL9U6CuBH
Daya,New,4tERsdVCLtLtrGdFBf9DGC
Gucci Mane,Curve (feat. The Weeknd),2yuyaYAELoMG4ApV5wJsWR
Maroon 5,Whiskey (feat. A$AP Rocky),4OEOEsOhlzDqQuewiuPJAc
Daddy Yankee,La Rompe Corazones,4okba5wu9mMLXx79DXLKi3
Niall Horan,On The Loose,4kVo85bcmBkvMBcJl42XCA
Karol G,Ahora Me Llama,61HHDBLqF3AmSvLfHKNGd2
Calvin Harris,Slide,7tr2za8SQg2CI8EDgrdtNl
J Balvin,Sigo Extrañándote,6qDF4wWL49CAVbgT7yuHl8
Hailee Steinfeld,Starving,6875MeXyCW0wLyT72Eetmo
Future,No Cap,06Gyf2pFDVmN5K8XAawG96
Niall Horan,Too Much To Ask,3hRZsdTF5uyGA2uhNqEuhm
Niall Horan,Slow Hands,167NczpNbRF7oWakJaY3Hh
P!nk,Revenge,3OEer2dQj1eWhSqxatGiru
Post Malone,Candy Paint,4wdZdkEugVVorAfzqRqC6N
P!nk,Beautiful Trauma,2DlIwu1iDTILEMXA7MUotn
Fall Out Boy,The Last Of The Real Ones,7cQMJ0wDqVS5iM0JIvP6Ay
Noah Cyrus,Again,2S2od3hT7ceytw7d1pTRuE
Linkin Park,In The End,60a0Rd6pjrkxjPbaKzXjfq
Chris Brown,High End,2XdgSB4TtzUHQYCMfSHbFI
Playboi Carti,wokeuplikethis*,59J5nzL1KniFHnU120dQzt
Halsey,Now Or Never,7i2DJ88J7jQ8K7zqFX2fW8
Drake,Signs,5EnYT6F7wEcdege6mDHEfO
Alan Walker,The Spectre,2DGa7iaidT5s0qnINlwMjJ
Justin Timberlake,"CAN'T STOP THE FEELING! (Original Song from DreamWorks Animation's ""TROLLS"")",6JV2JOEocMgcZxYSZelKcc
Kygo,First Time,2Gl0FzuLxflY6nPifJp5Dr
P!nk,What About Us,31MkGwj0SWgZaTvEt5Hgxv
NF,Let You Down,52okn5MNA47tk87PeZJLEL
Gucci Mane,I Get The Bag (feat. Migos),1HTtUBEY3tuw2btgwwI2Ja
Camila Cabello,OMG,4xBjsLUSjcx2h7PcRikpQp
Eminem,Lose Yourself - Soundtrack Version,5Z01UMMf7V1o0MzF86s6WJ
Lil Pump,Boss,1rsAFUCa6BVMgRQ3FCQQsi
Jax Jones,Instruction,2ytH5wDuqhgLTiDVYioteq
Shakira,Me Enamoré,4qknM1pQz53QOyfDVTjcM9
Shakira,Chantaje,6mICuAdrwEjh6Y6lroV2Kg
Selena Gomez,Bad Liar,1sCxVKWImDZSZKvG0U9B23
Sam Smith,I'm Not The Only One,0fioLzGM8ngbD1w6fMmm45
Gucci Mane,Curve (feat. The Weeknd),1tp1xMJ1uaOktksskS0Fzs
Post Malone,rockstar,1OmcAT5Y8eg5bUPv9qJT4R
Lil Pump,Gucci Gang,6foxplXS0YEq8cO374Lty4
Julia Michaels,Issues,0xG0SHshCStMEyNbNC5d4k
Rae Sremmurd,Perplexing Pegasus,2nYwV62UABTH0NanrwVIdQ
Thomas Rhett,Unforgettable,30MM5jWpUmOxtTNd9Ey5LZ
XXXTENTACION,Revenge,5TXDeTFVRVY7Cvt0Dw4vWW
Miley Cyrus,Younger Now,2fGxYYMQbVqgIdaqfz2OwA
Major Lazer,Sua Cara (feat. Anitta & Pabllo Vittar),3ibRxEv4KkcU9e259eyNJA
Sigala,Came Here for Love,3kGfazcbVvVkuZunzlLgTD
Shawn Mendes,Mercy,4TZy1wLyHec06pwgFYDh1a
Nicky Jam,El Amante,3umS4y3uQDkqekNjVpiRUs
Kodak Black,Tunnel Vision,4Q3N4Ct4zCuIHuZ65E3BD4
Tom Petty,Free Fallin',5tVA6TkbaAH9QMITTQRrNv
Big Sean,Bounce Back,0SGkqnVQo9KPytSri1H6cF
The Script,Rain,2QWP8NYYplOqEFBYGCcq0S
LANY,Super Far,74ODGXs4byLTRdnKGM4s6E
Demi Lovato,Sorry Not Sorry,25C5CowdsfXld2jJanbiex
Lorde,"Homemade Dynamite (Feat. Khalid, Post Malone & SZA) - REMIX",7rdUtXasA973gmrr2Xxh3E
Jax Jones,Instruction (feat. Demi Lovato & Stefflon Don),0XfOi87h82i09rQjWYG0Bm
A Boogie Wit da Hoodie,Drowning (feat. Kodak Black),6Q2FftbUG530lCtBI74bMH
XXXTENTACION,Look At Me!,4ARPvK8DHLwt4oX65ZAFMw
Miley Cyrus,Malibu,2habSXqcJGExM6JJyskY7O
BTS,Go Go,5nq1uTNIR1cBR72T87viS0
BTS,Best Of Me,2tdq0CeAGSfhI2l4Gwkvgx
Macklemore,Marmalade (feat. Lil Yachty),7bsnTsbiwOymZWjPF9v6Di
BTS,MIC Drop,2SYa5Lx1uoCvyDIW4oee9b
Zedd,Get Low (with Liam Payne),1CKd1PnqfYx0H12V9MSaIY
ItaloBrothers,Summer Air,0V9cosR5jWa4fr2koARmhD
Starley,Call On Me - Ryan Riback Extended Remix,78rIJddV4X0HkNAInEcYde
Enrique Iglesias,SUBEME LA RADIO,7nKBxz47S9SD79N086fuhn
Astrid S,Think Before I Talk,0Clb9aiXWa0dvVff5aN4VN
Dimitri Vegas & Like Mike,Complicated (feat. Kiiara),1Sl3njkhhz8nrSPZroDQ82
Macklemore,Glorious (feat. Skylar Grey),3HVr6jTVwBHBa2flM0eURR
21 Savage,Bank Account,5eqK0tbzUPo2SoeZsov04s
Piso 21,Besándote,13X0XdLMOdtbXVtAj2ox4h
Sabrina Carpenter,Why,2jYmK1cb3Uya6FFsocdpzO
Metro Boomin,No Complaints,6kig1UFggPUyZBCvXD3Wod
Ariana Grande,Side To Side,4pLwZjInHj3SimIyN9SnOz
Drake,Fake Love,343YBumqHu19cGoGARUTsd
Lord Huron,The Night We Met,6mORGLOz79w6VsCRLWYYuK
BTS,dimple,3ryjLm3oupIjJFGc39naNi
Migos,T-Shirt,7KOlJ92bu51cltsD9KU5I7
Hailee Steinfeld,"Let Me Go (with Alesso, Florida Georgia Line & watt)",5Gu0PDLN4YJeW75PpBSg9p
Farruko,Krippy Kush,3rgjBiAMVGnxmsTDmUy8vb
Fifth Harmony,Down,20H2Hd5AkUcRjB4yL3UQtJ
XXXTENTACION,Depression & Obsession,2H3wWrnO758y0fPH7Ilerg
XXXTENTACION,Carry On,2yZax79pOrYuyIFVW2cZY2
Pitbull,Hey Ma (with Pitbull & J Balvin feat. Camila Cabello) - Spanish Version,2Vdub5mY4lad7w64bFPUez
Martin Garrix,In the Name of Love,04DwTuZ2VBdJCCC5TROn7L
blackbear,do re mi,3Q3myFA7q4Op95DOpHplaY
Alan Walker,Faded,7gHs73wELdeycvS48JfIos
XXXTENTACION,Save Me,2UwbhMie1EAYuTZ0QXeMwl
Jax Jones,You Don't Know Me - Radio Edit,00lNx0OcTJrS3MKHcB80HY
Maite Perroni,Loca (feat. Cali Y El Dandee),05ZXXyeZFhZtA6DAP3Aw7x
Major Lazer,Cold Water (feat. Justin Bieber & MØ),6DNtNfH8hXkqOX1sjqmI7p
Taylor Swift,...Ready For It?,7zgqtptZvhf8GEmdsM2vp2
Lil Uzi Vert,X,5tRmoZRoupvMYPV1oezFrH
ItaloBrothers,Summer Air,3GPI7hYiqD6enLRobhkBm8
Lil Uzi Vert,444+222,1QgTBfRN5m81a5K01qens6
Macklemore,Marmalade (feat. Lil Yachty),0RYXEibxMami3QuT8kn4Iz
Thomas Rhett,Unforgettable,0ZiRSqlSsDlY0UyDYU9CTE
Nacho,Báilame,7lRsNbdOGykkMAgsqs4R1C
CNCO,Reggaetón Lento (Bailemos),3AEZUABDXNtecAOSC1qTfo
Calvin Harris,Rollin,0lMbuWUpfTWhEmOKxppEau
Mike Posner,I Took A Pill In Ibiza - Seeb Remix,17Fd6Yb7mSbinKG8LoWfFl
Burak Yeter,Tuesday,7abpmGpF7PGep2rDU68GBR
Ozuna,Bebe (feat. Anuel AA),6SIrNxmmdbv1KUbFBu1PaN
Yandel,Explícale,48yAM9xWBwT4Ac9G1y20rw
XXXTENTACION,Orlando,05bnEv2dpFzmGVLGdjD9UP
Fifth Harmony,He Like That,0m2orA1i5lLZUOt9XLwSd0
XXXTENTACION,Dead Inside (Interlude),2vQwlW8H1jFveGNXwZfJCV
Lil Uzi Vert,UnFazed (feat. The Weeknd),5O8x1YlmLQopQHErxtDfi9
Lil Uzi Vert,Two®,65kp3OFn7JXbCvkm3m2Ui2
Cash Cash,All My Love (feat. Conor Maynard),1839RWzPRZCVgvamu4sHSN
Demi Lovato,Tell Me You Love Me,65MOTX6uSFAnqXl7dlAuId
Lil Uzi Vert,For Real,3tcoEYOZUHKB3RKNByIN13
Lil Uzi Vert,Neon Guts (feat. Pharrell Williams),1MJErNPIQUoEMu4YUUmecm
Lil Uzi Vert,No Sleep Leak,0QV16pno66L6K3fn4W13b7
XXXTENTACION,Ayala (Outro),5xbrhx2tMMcN68IT3cJbhS
Moon Taxi,Two High,0Z9HQ8YvHqdeOjTwsR3cS7
Lil Uzi Vert,Dark Queen,2ZdCrBA52bb4pIG3tOOZiQ
Lil Uzi Vert,Feelings Mutual,5Y3Tj0wJhKAaPbwWxXxZGS
Thirty Seconds To Mars,Walk On Water,4U9arGcc4ATa7shChhLQP0
XXXTENTACION,The Explanation,0VJYhKhrHgJ7fgjGaC2k07
Lil Uzi Vert,XO TOUR Llif3,2eMwDehkIC1j68U6FA3Eiq
Ozuna,Tu Foto,0Szp49tpFasIjX04Mcsydp
Fifth Harmony,Down,7LEydI5NfjY6mZfKwYIptZ
Miley Cyrus,Younger Now,0B48113ZG9UfkWWt7qD9xX
Moon Taxi,Two High,3sJHkcxojoJD2Ytbo1yLLF
Hailee Steinfeld,Starving,1qOLh0tI7trd1zdDKxYZTe
2 Chainz,4 AM,1nX9KhK3Fff27SnrIor2Yb
Ozuna,El Farsante,2LW4Zu7FcrwjWm3t5Rv3Oq
Bruno Mars,Versace On The Floor,0kN8xEmgMW9mh7UmDYHlJP
Rae Sremmurd,Swang,6mapJIPnQ23RTAevUoE0DL
Rudimental,Sun Comes Up,6SUocL0caib4mLHe8ZrZzi
Charli XCX,Boys,5o4yGlG0PfeVUa6ClIyOxq
Drake,Portland,2bjwRfXMk4uRgOD9IBYl9h
Sia,Cheap Thrills,27SdWb2rFzO6GWiYDBTD9j
Twenty One Pilots,Heathens,6i0V12jOa3mr6uu4WYhUBr
Lady Gaga,The Cure,51PIvodunv6NmX5250zxAh
Jennifer Lopez,Ni Tú Ni Yo,5xMzazov0IHYllrc8U2K6F
OneRepublic,No Vacancy,6XOYVSmNDjKUNMXooU4s4z
Alan Walker,Tired,3b5Li4QKDVBx1x7fQuu54a
Ofenbach,Be Mine,2KklXplRtxMsBYo474Es0w
Twenty One Pilots,Stressed Out,3CRDbSIZ4r5MsZ0YwxuEkn
Linkin Park,Numb,2nLtzopw4rPReszdYBJU6h
Romeo Santos,Imitadora,6r46lnXFbE9fr2d3KNaGbe
Avicii,You Be Love (feat. Billy Raffoul),12ip0ceCeszDTDFxDY1AXJ
Fifth Harmony,Angel,09KlDlkOYuC5x6hOaM7vaP
Avicii,Friend Of Mine (feat. Vargas & Lagola),5WEqjIUHkwZ5h3DSE7F9bM
Galantis,Hunter,3caMfJGFp53NAH2TuigdNj
Sebastian Yatra,Alguien Robo,5i50gKdLAjjIr7UxRT5IVy
Linkin Park,Heavy (feat. Kiiara),104buTcnP2AsxqB7U1FIZ4
DJ Jonathan,El Farsante,66gNNRsKkmECPQUrvpMQtS
Ariana Grande,One Last Time,7bJwvubZZaoGE1AGEfu8Fi
The Weeknd,Reminder - Remix,7F1LWA9sIlTorHUo4amGqk
Alok,Hear Me Now,1a5Yu5L18qNxVhXx38njON
Avicii,What Would I Change It To (feat. AlunaGeorge),6mzTuMlbCgEtoCitsszlqP
Maroon 5,Cold,5NNlUMcOEOdoOIwwaWXv0k
Kesha,Praying,79NlESqzFSW0hdBWgls4FX
Anitta,Paradinha,05rJdH2MRLJ3sQoEUO78qs
Alessia Cara,"How Far I'll Go - From ""Moana""",5hYTyyh2odQKphUbMqc5gN
Felix Jaehn,Hot2Touch,1sBhJGPUKrdRycgKxve70v
AJR,Weak,3E2Zh20GDCR9B1EYjfXWyv
Katy Perry,Chained To The Rhythm,6520aj0B4FSKGVuKNsOCOi
Twenty One Pilots,Ride,2Z8WuEywRWYTKe1NybPQEW
J Balvin,Safari,6rQSrBHf7HlZjtcMZ4S4bO
Ayo & Teo,Rolex,0pSBuHjILhNEo55xK1zrRt
Ricky Martin,Vente Pa' Ca,7DM4BPaS7uofFul3ywMe46
Kendrick Lamar,ELEMENT.,1EaKU4dMbesXXd3BrLCtYG
Fifth Harmony,Work from Home,4tCtwWceOPWzenK2HAIJSb
Linkin Park,What I've Done,4kfm1uI9QGaoN9qm6CkAMn
Kesha,Learn To Let Go,3JKhmIlixlYwFLzrkc6drb
Linkin Park,One More Light,3xXBsjrbG1xQIm1xv1cKOt
"Tyler, The Creator",Who Dat Boy,21yRtB6B8EMounImAfHRCP
Lana Del Rey,Lust For Life (with The Weeknd),4L7Y2OAPiY2I2GndZjAs5K
Katy Perry,Bon appétit,61WbtB6ujkpNAsAf5LjF4b
Justin Bieber,Sorry,69bp2EbF7Q2rqc5N3ylezZ
Ed Sheeran,Dive,51ChrwmUPDJvedPQnIU8Ls
Sebastian Yatra,Traicionera,5J1c3M4EldCfNxXwrwt8mT
Thomas Rhett,Craving You,6zLdXcmvIxnAXpz9sXFnIE
Axwell /\ Ingrosso,More Than You Know,4q8PHoRsPUB52LFylX8Ulz
Julia Michaels,Issues,1sXUWdKx03aP9Gmzft58rt
JAY Z,Numb / Encore,5sNESr6pQfIhL3krM8CtZn
Lana Del Rey,Summer Bummer (feat. A$AP Rocky & Playboi Carti),5QqyRUZeBE04yJxsD1OC0I
Linkin Park,One Step Closer,3K4HG9evC7dg3N0R9cYqk4
Linkin Park,Good Goodbye (feat. Pusha T and Stormzy),650OeHTLxZAQmb4aEbGmaA
Linkin Park,Crawling,57BrRMwf9LrcmuOsyGilwr
Linkin Park,Battle Symphony,3FQCJI2t5LTbsRPfYVBSVB
Lana Del Rey,13 Beaches,4mq14Qa6OehdiyZFtHcdCH
Linkin Park,Bleed It Out,3qmvK8QARSPkFTuKeIXSbs
Lana Del Rey,Love,4xyNG8vZR3g8FnphVkbjRo
Linkin Park,Somewhere I Belong,3agtg0x11wPvLIWkYR39nZ
Linkin Park,Talking to Myself,7nAfXgeHfDO50upcOjJOaq
Linkin Park,Faint,4Yf5bqU3NK4kNOypcrLYwU
"Tyler, The Creator",See You Again,7KA4W4McWYRpgf0fWsJZWB
Lana Del Rey,Cherry,6eGMMPRVYzpssGgednRvzU
Linkin Park,Papercut,1Vej0qeQ3ioKwpI6FUbRv1
Lana Del Rey,Groupie Love (feat. A$AP Rocky),03hqMhmCZiNKMSPmVabPLP
"Tyler, The Creator",911 / Mr. Lonely,4bEcoz1OcfMgUbp2ft8ieQ
Linkin Park,Leave Out All The Rest,1yFiaFeSLpw4nDYTeErRZ6
Linkin Park,BURN IT DOWN,7oVEtyuv9NBmnytsCIsY5I
Linkin Park,Breaking The Habit,6n8TMVyFKoUmDc4apxceRD
Lana Del Rey,White Mustang,2Pn76oik9rWyoBShTSNY9Q
"Tyler, The Creator",Boredom,5WNYg3usc6H8N3MBEp4zVk
187 Strassenbande,Millionär,6mw02h3qbWmuq2bJCRjRAe
Linkin Park,Nobody Can Save Me,3dJj6o9o1fRgrojWjailuz
Lana Del Rey,Beautiful People Beautiful Problems (feat. Stevie Nicks),3O7p9Itz8PXUoAjD2vmuM6
,,3RXkboS74UYzN14xTqzPyY
,,4JAyIDXOqNM6qHuZML01uX
,,3eFJqPe8VUYrABbFjSauuj
,,3bVbQvGVIe4n24AzyXovXh
French Montana,A Lie,1vVNlXi8gf8tZ7OhnEs4VE
Coldplay,Miracles (Someone Special),6uJwPeBGb3swi85TSr9iIz
Jax Jones,You Don't Know Me - Radio Edit,7M16mAuWuFA5rC9HvkXaGx
Shawn Hook,Reminding Me,4gqMQftUs22F8pOGVn5Acr
Lana Del Rey,Summer Bummer (feat. A$AP Rocky & Playboi Carti),5JwLhFNrXw49pn3HQqu02G
21 Savage,Numb,0G149jkGWKwrPXUGkEDgWM
G-Eazy,Good Life (with G-Eazy & Kehlani),1Eck97uRMlprKOOJN9oO1E
Lorde,Homemade Dynamite,12o6dxWGk29uIAP3OWY0pM
Jax Jones,Instruction (feat. Demi Lovato & Stefflon Don),6yf3MxEOScNBTYCHOAIiNQ
Lorde,Green Light,0gbBzIqrECJOEPvQJIBFs5
Kesha,Woman,5wIeuNURiubue1VTcglU57
Maroon 5,Don't Wanna Know,5MFzQMkrl1FOOng9tq6R9r
Calvin Harris,This Is What You Came For,0azC730Exh71aQlOt9Zj3y
Don Omar,Te Quiero Pa´Mi,3BY2mafsbsoKGqS380Xnuz
Desiigner,Panda,5OOkp4U9P9oL23maHFHL1h
ZAYN,Still Got Time,000xQL6tZNLJzIrtIgxqSl
Wisin,Vacaciones,3dQDid3IUNhZy1OehIfYfE
Jonas Blue,Perfect Strangers,5bZtRlMBU76vHuDOb1GM5u
Major Lazer,Lean On (feat. MØ & DJ Snake),4WjH9Bzt3kx7z8kl0awxh4
JP Cooper,September Song,0FuTx2s3YH1ppmtiM6l0zI
MØ,Nights With You,5q5gzmbBS5yQzos2BvVr1t
Bebe Rexha,The Way I Are (Dance With Somebody) [feat. Lil Wayne],6Pw3Gvw4wNMZfTYZa6IQal
James Arthur,Can I Be Him,0VhgEqMTNZwYL1ARDLLNCX
21 Savage,Famous,19HA9J80qZfIkAnp2g8N2S
J Balvin,Si Tu Novio Te Deja Sola,0RFFFGtPn6a58RHY3ccVYX
Sean Paul,No Lie,3cFsmM51N5zMAuu1nNY4Tw
Rihanna,Love On The Brain,2aksifNn5ph8igDOkPBA02
Drake,Gyalchester,6UjfByV1lDLW0SOVQA4NAi
DRAM,Broccoli (feat. Lil Yachty),7yyRTcZmCiyzzJlNzGC9Ol
French Montana,Unforgettable,1F2HXIJrE2Xn81OzT2zZvW
Jonas Blue,Mama,4xlrALxuaCf9yZBHJeTSG6
Drake,Signs,6Na5uKk5SsqZimk0hAWo8y
Halsey,Now Or Never,0Nhu3zSYbEz32IYiobV75e
Calvin Harris,Cash Out,0Ws8D3EWUDgY962Xftb0h5
DJ Khaled,Don't Quit,4vv1KjUzPwrtDbozizSfQc
Calvin Harris,Prayers Up,4KaIJ1FWXUoAAnOts1YWjD
Calvin Harris,Heatstroke,60APt5N2NRaKWf5xzJdzyC
Calvin Harris,Faking It,0pJPdSVti6cTM1Q6xYGmcf
Calvin Harris,Skrt On Me,7iDxZ5Cd0Yg08d4fI5WVtG
"Tyler, The Creator",911 / Mr. Lonely,1pGAvZo2axYXAXYiSeYEqY
"Tyler, The Creator",Who Dat Boy,1a0wEEHipnBR7WOHFA6ucQ
Jonas Blue,Perfect Strangers,1CUVN2kn7mW5FjkqXTR2W1
Major Lazer,Light It Up (feat. Nyla & Fuse ODG) - Remix,0L7loeTIg6akW84aEQZpCT
Anne-Marie,Ciao Adios,3EfugazgSddQvzZpkof5I4
Julia Michaels,Uh Huh,1eVRnmGhDPATPxz6kqWuCP
Little Mix,Touch,5Ua3GXyHwiSfpNTMjq6m2z
Rae Sremmurd,Black Beatles,6fujklziTHa8uoM5OQSfIo
Little Mix,Power (feat. Stormzy),4BJ5T8ZZZ3UrPG7k0OVQrp
DJ Khaled,Don't Quit,6LOCAhFzZiavHcLJucLuDy
Imagine Dragons,I Don’t Know Why,15dnkAHcHC0vrIUlbiPiqU
Imagine Dragons,Walking The Wire,6jmngk8Fwup05JZ6kgXEGX
Imagine Dragons,I’ll Make It Up To You,54h8xHewdRPnYzmbEHBhOO
Imagine Dragons,Rise Up,7vAXN57IQ0sj049wZGIboE
Cashmere Cat,Quit (feat. Ariana Grande),4Q5yMlwAfAoitqg4r9oZHN
Lorde,Perfect Places,1wC93sZRGcTgKLN2UWRSwW
blackbear,do re mi,2MX30RliaxJDgmQ3C3rrJX
Imagine Dragons,Start Over,4J2RaG4UH2HCThcqzDpeAF
BLACKPINK,As If It's Your Last,7LJjWqhqK594nN7qJzLVXE
DJ Khaled,Shining,7Fa5UNizycSms5jP3SQD3F
IAmChino,Ay Mi Dios,6stYbAJgTszHAHZMPxWWCY
Future,Selfish,2Ce5IyMlVRVvN997ZJjJJA
Julia Michaels,Uh Huh,0ZExP2I5Ej92PsnG4G1jVG
Cali Y El Dandee,Lumbra,6VHdcVbiKLYYOcMbIqBcuK
DJ Khaled,I'm the One,1jYiIOC5d6soxkJP81fxq2
Calvin Harris,Feels,6BaCraQ9xeLYg4Sb9TBT2X
Calvin Harris,Slide,6gpcs5eMhJwax4mIfKDYQk
Calvin Harris,Rollin,3FDrI0FLKzrYQiWxPhqV2W
Lorde,Perfect Places,7ARveOiD31w2Nq0n5FsSf8
Lorde,Sober,2mNbgyi0gori4b1rFSPgIb
Lorde,Supercut,0dyiHoYbYjYaOEXLpmzQZG
Lorde,The Louvre,5q4BpnMrYEFzLO0dYODj6J
Lorde,Liability,0or0gNaKAXYYCsOrpvRzAu
Imagine Dragons,Walking The Wire,1AJQ97yAt6xfeF7nQaE1t8
Lorde,Hard Feelings/Loveless,1Dp7JGFNjvg8Nk0CtMCcnr
blackbear,do re mi,6CUBgX8bXC5YQCkdgRHqyg
Lorde,Writer In The Dark,193Dm5SqYy3hTSbuzxbwKc
Lorde,Sober II (Melodrama),54ucfuN596MU25jQD3KjCL
Major Lazer,Run Up (feat. PARTYNEXTDOOR & Nicki Minaj),0fg8CqpjdojMyXLNzM2PaJ
The Vamps,All Night,1yNyoWWWikbLhwIGWjZuDW
2 Chainz,Good Drank,39pS70eeDvyCAF3t8NAlVV
Calvin Harris,My Way,1vvNmPOiUuyCbgWmtc6yfm
DJ Khaled,I'm the One,72Q0FQQo32KJloivv5xge2
Imagine Dragons,Thunder,56lBX2WHqfGuoeZxZvUnVj
Imagine Dragons,Believer,6VRghJeP6I0w1KxkdWFfIh
DJ Khaled,To the Max,3pC1ILr9KzmQLMe8Kn5QBG
A Boogie Wit da Hoodie,Drowning (feat. Kodak Black),3LnOF5n1GOs01siYZXzS3p
Shawn Hook,Reminding Me,7DQXiMeLqiQsy1uqHSk0xc
Imagine Dragons,Whatever It Takes,4izg6Hydc6XGErWW6nbdsV
Future,Mask Off - Remix,6DB2KOEwHnjkgEnBt5SdeJ
Taylor Swift,Shake It Off,0cqRj7pUJDkTCEsJkx8snD
2 Chainz,4 AM,02hNDxtMMTpq72rdp1lm6v
Taylor Swift,Blank Space,1u8c2t2Cy7UBoG4ArRcF5g
Harry Styles,Sweet Creature,5kRPPEWFJIMox5qIkQkiz5
Ariana Grande,Into You,7yHEDfrJNd0zWOfXwydNH0
The Chainsmokers,The One,0wfbD5rAksdXUzRvMfM3x5
Gucci Mane,Met Gala (feat. Offset),2XaInsPPUkZRkY4uFJ3AHK
Kiiara,Whippin (feat. Felix Snow),3QWjljChcOMkRDYSzF33Qr
Taylor Swift,Bad Blood,2NlmmAjGYrrjAp0MED5rGx
Lil Wayne,"Sucker For Pain (with Wiz Khalifa, Imagine Dragons, Logic & Ty Dolla $ign feat. X Ambassadors)",4dASQiO1Eoo3RJvt74FtXB
Taylor Swift,Wildest Dreams,4A4A6dwl5DqdqrZaEtKGPR
Bebe Rexha,Bad Bitch (feat. Ty Dolla $ign),4ZJPwET9Jrgpkqi4Vo3Yg8
Harry Styles,Kiwi,33SNO8AaciGbNaQFkxvPrW
Paramore,Hard Times,0w5Bdu51Ka25Pf3hojsKHh
Vice,Obsession (feat. Jon Bellion),5pvVAwQbuFoR7LkcicrKnk
Iggy Azalea,Switch,02LZ1fGJE8fB56yTlCVMEV
Logic,Everybody,7cGFbx7MP0H23iHZTZpqMM
The Chainsmokers,Break Up Every Night,6cPyTS0Kk2sc4xQwC93kOg
Harry Styles,Carolina,3Dwq1oiOFys6Sxr5SslmXw
Machine Gun Kelly,At My Best (feat. Hailee Steinfeld),77lGafvlU68CeHgB2pkHC9
Jon Bellion,All Time Low,1CnPYaKxTVb4LWOtiGOm0m
Ed Sheeran,What Do I Know?,2pJZ1v8HezrAoZ0Fhzby92
Rag'n'Bone Man,Human,58zsLZPvfflaiIbNWoA22O
Steve Aoki,Just Hold On,3EmmCZoqpWOTY1g2GBwJoR
Machine Gun Kelly,Bad Things (with Camila Cabello),1PSBzsahR2AKwLJgx8ehBj
Rag'n'Bone Man,Skin,6y2Kaz9QI01XBKJ8mTb7Pf
Kendrick Lamar,XXX. FEAT. U2.,4iYRa2btalAzPZoSYfROqF
Alessia Cara,Scars To Your Beautiful,0prNGof3XqfTvNDxHonvdK
Zara Larsson,TG4M,4uoumbAMEMaKdtiv763jKz
Harry Styles,Two Ghosts,4B1rpPmQXwj78wk6aIGwwU
Migos,Get Right Witcha,76Y0gxtTxN0FyDCYh5qYQj
Lana Del Rey,Lust for Life (with The Weeknd),5LYQSNHZxEA880URXFHg6h
Little Mix,No More Sad Songs (feat. Machine Gun Kelly),5ZnJsoJGkQ5K15W7Rcr5JO
Lukas Graham,7 Years,7129iqBafaphfc3WPCGC0L
DNCE,Cake By The Ocean,2aFiaMXmWsM3Vj72F9ksBl
Carlos Vives,La Bicicleta,0sXvAOmXgjR2QUqLK1MltU
Drake,Blem,2XlHu0HcujBCkWMdIAvrqt
Kungs,This Girl (Kungs Vs. Cookin' On 3 Burners) - Kungs Vs. Cookin' On 3 Burners,0tICYNayWWhH9GPeFrfjfD
Harry Styles,Meet Me in the Hallway,4u9Y4Z9i9VaAbBK7rW1Rha
Harry Styles,Ever Since New York,5LABCxgmP7DATATIJXOh6n
Harry Styles,Woman,33bURv895AN4FkBvgFo2dx
Harry Styles,Only Angel,5Lbsc65org0b85kNsPkluY
Harry Styles,From the Dining Table,1IF5UcqRO42D12vYwceOY6
Kendrick Lamar,YAH.,4BHSjbYylfOH5WAGusDyni
Kendrick Lamar,LUST.,06FCvd7rrRcF3DdvWH5Isp
Kendrick Lamar,PRIDE.,6IZvVAP7VPPnsGX6bvgkqg
Paramore,Told You So,7BpYWzZwrsljT1eIjb0TqR
Kendrick Lamar,FEEL.,2LTlO3NuNVN70lp2ZbVswF
Aminé,Caroline,5GFDrUTLGJix84sNhjCG0g
NAV,Up,5qbcsZMwL0x46sX7VO37Ye
Ed Sheeran,New Man,5HDPtsnyb3maFmPL8LLUTG
Logic,Black SpiderMan,7BKUWh5sdtdS17crohRe4L
Logic,Killing Spree,6OQea06z3cbOqYgG2O6eOZ
Logic,Confess,58kwvMXeOlsvzPqUlyj75Y
Logic,Take It Back,6HN5XPJEV31RQJGoyqZ81K
Logic,America,77mLzdHEWRB60CLlV02TV2
Kendrick Lamar,GOD.,5p3NP9mQblDsVJLdfNZJ3I
Kendrick Lamar,FEAR.,23luOrEVHMfoX0AhfbQuS6
Ed Sheeran,Supermarket Flowers,4VuS959DSpr82t3qBqCrWG
Halsey,Eyes Closed,2WQn7Yvs728KZmmY6tgWqH
Logic,Hallelujah,7fRfIvHPH6bHdMDjPFwTMh
Logic,Ink Blot,732btJLGu7gYNHHNdzshrG
Ed Sheeran,Barcelona,3Lfiu5sZ4M4B6JaKMBc0FU
Ariana Grande,Everyday,3FiE2d325mIOc4YjkSLVJR
Gorillaz,Saturnz Barz (feat. Popcaan),7l9CE3wmEGOUYw1j4ETjnL
Kendrick Lamar,DUCKWORTH.,0y9uTzK9cNKSAEHnpeRG8C
Kendrick Lamar,BLOOD.,1n4jwRVXdkK2U34nBDUKKT
Gorillaz,Ascension (feat. Vince Staples),2bBMODHVTXGwE2aZYfbgCt
MAX,Lights Down Low,1sYSP7gKa5kdKIfhANfori
Gorillaz,Andromeda (feat. DRAM),2C0KFbb4v9CNWR5c9jWcKC
Olivia Holt,History,0WCEaydwN65cvwaW8aqptF
Robin Schulz,Shed a Light,1cG0umU5TKStygKsPFZ9pY
Drake,Teenage Fever,6n3HGiq4v35D6eFOSwqYuo
Snakehips,Don't Leave,0Zx8khUcEfCFK2AEoIhC92
Ozuna,Dile Que Tu Me Quieres,20ZAJdsKB5IGbGj4ilRt2o
Bebe Rexha,I Got You,1FUViuNSldssMIawrOXF2i
Chance The Rapper,No Problem (feat. Lil Wayne & 2 Chainz),0v9Wz8o0BT8DU38R4ddjeH
Big Sean,Moves,0Fv5N0cHBsl4bzCbollCAS
Drake,Free Smoke,05KOgYg8PGeJyyWBPi5ja8
Drake,Get It Together,7y6c07pgjZvtHI9kuMVqk1
The Chainsmokers,All We Know,2rizacJSyD9S1IQUxUxnsK
Ed Sheeran,How Would You Feel (Paean),6PJ8FF6UR8FZXfEvpHkIVN
Petit Biscuit,Sunset Lover,0hNduWmlWmEmuwEFcYvRu1
Adele,Water Under the Bridge,4vb4mFvYsr2h6enhjJsq9Y
Lady Gaga,Million Reasons,50PWlIBU7PlGGwzgN8TiFJ
Jonas Blue,By Your Side,1D3ODoXHBLpdxolZRHWV1j
Alan Walker,Alone,0JiVRyTJcJnmlwCZ854K4p
gnash,"i hate u, i love u (feat. olivia o'brien)",7vRriwrloYVaoAe3a9wJHe
Prince Royce,Deja vu,46HdsiK0uR26B2dY9QPzda
Drake,Do Not Disturb,2KvHC9z14GSl4YpkNMX384
Dua Lipa,Be The One,7FCfMXYTIiQ9b4hDYs4Iol
The Weeknd,Party Monster,4F7A0DXBrmUAkp32uenhZt
Chance The Rapper,All Night (feat. Knox Fortune),60xaS8mYBKUW4VQQ666N0T
Lauv,The Other,1lntL1cI2UIWlxjL5QiN8g
Ed Sheeran,Nancy Mulligan,35QZaWQRkmnAVqBF1TLCxQ
Drake,KMT,2jTujnt0y344ai1rNOywgr
Lil Yachty,Peek A Boo,5hx4FpDZOnDVYlyoG3rMks
Marian Hill,Down,2dqLk7ezV15LEJEwUmEbXB
Young Thug,"Gang Up (with Young Thug, 2 Chainz & Wiz Khalifa feat. PnB Rock)",5PfTI3zrQbZEWcQdycMqJM
Drake,Madiba Riddim,76gUmNLXGQVOsGhfcshkFP
Ed Sheeran,Hearts Don't Break Around Here,2dfHh7ECGxfNqZTQno09Vk
Drake,Sacrifices,0xl1w2q4VLojeXp4JfazPL
The Chainsmokers,Bloodstream,26AuyrZGzWWiYZPSd3XBIg
The Chainsmokers,Don't Say,1pJQAHpD51J7GYaFrrFO9S
The Chainsmokers,Honest,6KjbNLbRjuoa8rEq5yNA6H
The Chainsmokers,My Type,6V9kwssTrwkKT72imgowj9
The Chainsmokers,It Won't Kill Ya,5xhJmd0I15jFcEdqxfCzKk
The Chainsmokers,Young,1KeZgPUr54C8iz3FjqzVoz
The Chainsmokers,Last Day Alive,6GeD5g9vZTz25Egf8kxoIY
Kendrick Lamar,The Heart Part 4,1zayuwd1YLZsYDArkruHdL
The Chainsmokers,Wake Up Alone,0dj1CtyRxZ4bnIT4Q20jNT
Drake,No Long Talk,6CfrYuD3YRDYdYvH9jNtXY
Drake,4422,2fkeWbM6iqTw7oGHTYm2lw
Drake,Jorja Interlude,13e6f8t7RKXuxZ0JdaaJRG
21 Savage,X (feat. Future),6fwdbPMwP1zVStm8FybmkO
Joey Bada$$,DEVASTATED,4ntsD33Pgsgk8rUyZLLiUV
Ariana Grande,美女と野獣,1KT0xdIjm7t053xByACrrg
Ed Sheeran,Eraser,7oolFzHipTMg2nL7shhdz2
Axwell /\ Ingrosso,I Love You,11Fo4dAH31K7UZHGqCkCmE
Drake,Ice Melts,7bJ4mu7MHa3rHiNyKjOoSl
Drake,Too Good,11KJSRSgaDxqydKYiD2Jew
Aaron Carter,Sooner Or Later,6wV12xIUb8oFY7lBy4KuQe
Ed Sheeran,Bibia Be Ye Ye,6SznMYPQJHzr3IwsAHLId2
Sabrina Carpenter,Thumbs,3UjJP4ludb74a29P5EHEIo
Drake,Skepta Interlude,2dfqS3MRtbLZSZA1IL8xY5
Charly Black,Gyal You A Party Animal - Remix,1AkTW13ysu0AJrwuM6UY0I
Ed Sheeran,Save Myself,6TIU9Ehmi6dMzZK73Ym4yj
Drake,Can't Have Everything,5f5r2N4Lp9WoULWPH9zp2W
Zara Larsson,Lush Life,1rIKgCH4H52lrvDcz50hS8
Drake,Nothings Into Somethings,6MbH1QiphMCPTqVEVC7UYi
Drake,Glow,28irpKCCK9nn9DZSik2zEx
David Guetta,Light My Body Up (feat. Nicki Minaj & Lil Wayne),3vgNmjuRDnGLxUFGCLkwpm
Zara Larsson,I Would Like,4Q4jmPHwu0wrJvqrld0FQ6
Chino & Nacho,Andas En Mi Cabeza,5mey7CLLuFToM2P68Qu1gF
Drake,Controlla,6F609ICg9Spjrw1epsAnpa
Drake,Lose You,2Na0z2gfN67Rzf0vp74Wi3
Rihanna,Work,14WWzenpaEgQZlqPq2nk4v
Sage The Gemini,Now and Later,43jBqV3j3Xi1g6wO0bhIMd
Drake,Since Way Back,5JUu0unA8VwhTZ9LkMWUVI
Flo Rida,Cake,6t2ubAB4iSYOuIpRAOGd4t
Nicki Minaj,No Frauds,7KcGEssn7BnJdTgildK5y0
Gucci Mane,Both (feat. Drake),5tFep7dXGd7vEJ668wTPux
Lana Del Rey,Love,0n2bvWvMwr0gbjcuTm92eW
Frank Ocean,Chanel,6Nle9hKrkL1wQpwNfEkxjh
John Legend,Love Me Now,6nxQdXa1uAL0rY72wPZu89
Sia,The Greatest,7xHWNBFm6ObGEQPaUxHuKO
Isaiah,It's Gotta Be You,6cAKeFFYW2aClZSUyvqAEW
A R I Z O N A,Oceans Away,6A8dnC0xkiuWN4BshmTB2I
Drake,Sneakin’,4ckuS4Nj4FZ7i3Def3Br8W
Bag Raiders,Shooting Stars,0UeYCHOETPfai02uskjJ3x
Future,Comin Out Strong,3mRcWCyteY2133a7xVMrYw
Boef,Habiba,6G41AeVgQkpvEbTxN5fNkW
Luke Christopher,Lot to Learn,3TRFq09DUgYj1mug6RRqJW
Drake,Jumpman,27GmP9AWRs744SzKcpJsTZ
Zara Larsson,Only You,5SleX0NFeODNY7Xenal3gr
Stanaj,Romantic - NOTD Remix,3SGWp9fJCzgK0WcpcKSQdy
Noah Cyrus,Make Me (Cry),2BrzlUj1u1CtvaJDGIKpsP
Stargate,Waterfall,7pYFPMeK0TnaTGdS6qOtEr
The Weeknd,Reminder,37F0uwRSrdzkBiuj0D5UHI
NEIKED,Sexual,3AsAuGTaDQzavZZThyYlop
21 Savage,No Heart,4gmmRb6bZJffOOiww1JGTO
Kaleo,Way Down We Go,0y1QJc3SJVPKJ1OvFmFqe6
Future,Low Life,7EiZI6JVHllARrX9PUvAdX
Astrid S,Breathe,4fhVodXZARPX0oTuQh8V9l
FRENSHIP,Capsize,2XMTqoHHSH0lvuXrvIEdco
Rihanna,Needed Me,1Tt4sE4pXi57mTD1GCzsqm
ZAYN,PILLOWTALK,0PDUDa38GO8lMxLCRc4lL1
Andy Grammer,Fresh Eyes,4nMlau89VAjmV7agkl7OY3
Rob $tone,Chill Bill,5uDASfU19gDxSjW8cnCaBp
Young Thug,pick up the phone,20dP2DaMHIAmwWAbp7peSr
Shawn Mendes,Stitches,1WP1r7fuvRqZRnUaTi2I1Q
James Bay,Let It Go,13HVjjWUZFaWilh2QUJKsP
Adele,Send My Love (To Your New Lover),4BHzQ9C00ceJxfG16AlNWb
Adele,Hello,4sPmO7WMQUAf45kwMOtONw
Enrique Iglesias,DUELE EL CORAZON,6YZdkObH88npeKrrkb8Ggf
Coldplay,Hypnotised,5LXj9Ch3O9ATm1NoHT8GXn
Ed Sheeran,Shape of You - Stormzy Remix,2NHSYwGkAvPHzCinY0KwXo
J. Cole,Deja Vu,6I6NX6tjGsxFAsIfGzY9lJ
Stormzy,Big For Your Boots,3uMB82o0qa7erhiZBW9KQC
Sia,"Helium - From ""Fifty Shades Darker (Original Motion Picture Soundtrack)""",5fc6rQgAKiLutfUYWQ6QnJ
Daddy Yankee,Shaky Shaky,58IL315gMSTD37DOZPJ2hf
Ed Sheeran,Tenerife Sea,6vSwxzO2Qf4BinHSXRwZJe
Big Sean,No Favors,1MksGqIztTT6M9R1ErKVs8
Ed Sheeran,I See Fire,3B7udSGy2PfgoCniMSb523
Ed Sheeran,Don't,6gTJaPuj8DT8RjuDJyBgzP
Little Mix,Shout Out to My Ex,0YHUITU3w6ws1v8ehT264g
Jonas Blue,Fast Car,6OZh916QF8XNunWaP97WEZ
G-Eazy,Some Kind Of Drug,1Bqxj0aH5KewYHKUg1IdrF
Ryan Gosling,"City Of Stars - From ""La La Land"" Soundtrack",0LtVx5vsq9nfpGsWgjUin6
Nevada,The Mack,7aV2mflaASUmGhCErm7kBO
Ed Sheeran,Shape of You (Major Lazer Remix) [feat. Nyla & Kranium],1KqvRRQd3lfM0pAlkGPrgD
NAV,Some Way,7zxRMhXxJMQCeDDg0rKAVo
Niall Horan,This Town,5nA67Y0XX9JipZwYxX7Gl7
Farruko,Chillax,1lxswgIpzV6HhENRvkflES
Maluma,Borro Cassette,6DUdDIRgLqCGq1DwkNWQTN
Future,Rent Money,4Zxdw0Hno7YDu0IzvY76Qo
Hearts & Colors,Lighthouse - Andrelli Remix,04CttTezSnv71USiiG9mIo
J. Cole,No Role Modelz,62vpWI1CHwFy7tMIcSStl8
DVBBS,Not Going Home,042x9bsUBWW2fJgJ6fUh61
Coldplay,Hymn For The Weekend - Seeb Remix,1OAiWI2oPmglaOiv9fdioU
Nick Jonas,"Bom Bidi Bom - From ""Fifty Shades Darker (Original Motion Picture Soundtrack)""",4nDfc6F2uVcc6wdG7kBzWO
Passenger,Let Her Go,2jyjhRf6DVbMPU5zxagN2h
Vice,Steady 1234 (feat. Jasmine Thompson & Skizzy Mars),40UroIGvsMPLPBYwH8rMNA
MØ,Final Song,4qqArAiTPueDxIp7cf87h7
John Legend,All of Me,2q6tgiA9tpb6DMguABwCWE
Future,Draco,67dyMPOUsbZ9Yg06PnfAAh
XXXTENTACION,Look at Me!,2oUuLLKS8WbF7ELJcwbqms
Galantis,Love On Me,2MHCiOohBZEQuLgDTPvSzF
San Holo,Light,7zTx8ePYAmPFQuxP3xlXZn
Mura Masa,Love$ick,5v9N8Rx3QsFvr50cxyQcA3
Mike Perry,The Ocean,2CPqh63wRVscbceKcPxwvv
Joakim Lundell,All I Need,6vBgJ1SLmpB4VMcEVy1ovL
Future,Super Trapper,5e0RPsQUTQu0A29wqD6bZR
Calum Scott,Dancing On My Own,02WacdrRpm4zlP8H7X6bnQ
The Weeknd,The Hills,25khomWgBVamSdKw7hzm3l
DJ Khaled,Shining,3OoZagIW3YK8vjt0ws6NOI
Thomas Gold,Magic,5abwHwUhywLGNli5NDcEN7
Chance The Rapper,Same Drugs,6m9qPYXmhge2QhBLfFKnVF
Beyoncé,Halo,2CvOqDpQIMw69cCzWqr5yr
The Chainsmokers,Setting Fires,0B8B8cVRFIG1yznoQe7c9s
Migos,Kelly Price (feat. Travis Scott),204U3zjm9kkzX25Pr4Rdld
Hozier,Take Me To Church,0IqKeD8ZSP72KbGYyzEcAs
Desiigner,Outlet,6E39QsoWB7JjphPF9xCQSN
The Weeknd,Six Feet Under,4mU5iXHeLgbR94siF7p1sY
Flume,Never Be Like You,12REd1n8PeiHHWOh066tpr
DJ Snake,Middle,4OZEu0Vwq0RB2LAq14v99n
Zara Larsson,So Good,54LGxQGf5LPXNGjtzDZ5IE
G-Eazy,"Me, Myself & I",40YcuQysJ0KlGQTeGUosTC
Big Sean,Sacrifices,1r0faljjM2b876iNoaDUh5
Adele,When We Were Young,7IWkJwX9C0J7tHurTD7ViL
The Weeknd,Sidewalks,4h90qkbnW1Qq6pBhoPvwko
Drake,Hotline Bling,2FBUoWkIuQXwayw2RNo5l6
Big Sean,Halfway Off The Balcony,4atJ40xfasjdM9ZF3p07BV
Big Sean,Jump Out The Window,1jQsKN68yE94tMYml0wHMd
Big Sean,Owe Me,1u0MOgWF1bbylVxpJG2ZjB
Big Sean,Light,0URaKGzNTtzKRtsJN1RkA9
Big Sean,Voices In My Head/Stick To The Plan,2pzuU8vLaG8W1P31X65ZP9
KREAM,Taped Up Heart (feat. Clara Mae),26hcyzSE154xMZCbFdtInA
Future,Used to This,78sr3ogs4UzITcCNbXM9cM
Migos,Call Casting,0jOfl1nZf6sVBTG08Q4brn
Lil Uzi Vert,You Was Right,2ANLarE8yHVsLWW21nj79M
Big Sean,Bigger Than Me,6zpXc7WJ3TqYWb02B6sKyF
La La Land Cast,"Another Day Of Sun - From ""La La Land"" Soundtrack",0zCfmceT1YvtZXGbR6Roht
Grey,I Miss You,1sl5tSzfK1JrcQIcA8rYDy
Justin Bieber,What Do You Mean?,3pzjHKrQSvXGHQ98dx18HI
Cheat Codes,Sex,5DA77EqppDmCTWGovd4oTP
Chris Brown,Party,05Z7jet4VDNVgNQWcYHnrk
Cashmere Cat,Trust Nobody (feat. Selena Gomez & Tory Lanez),2wDjpPW3HZdA9quPPmZAMu
The Chainsmokers,Roses,6O6M7pJLABmfBRoGZMu76Y
Milky Chance,Cocoon,0L87MffumRNWrY2SNUFcvs
Maluma,Cuatro Babys,0JoHqmlqE0W0i9prt6kcHR
Migos,Culture (feat. DJ Khaled),4oLuMvGQ4WJfU2s4OM6nfE
Zay Hilfigerrr,Juju On That Beat (TZ Anthem),1lItf5ZXJc1by9SbPeljFd
Migos,Brown Paper Bag,5wihevBA7MO9PNYyWyTfkh
Zara Larsson,Ain't My Fault,0ADG9OgdVTL7fgREP75BrZ
PnB Rock,Selfish,2xbI8Vmyv3TkpTdywpPyNw
John Mayer,Moving On and Getting Over,1crSsvtU9wZB15dIQXV2QH
John Mayer,Love on the Weekend,0oiCeOPwm4zhwfyIpAE37y
MiC LOWRY,Oh Lord,1sTUEdVO85YU8Ymk2jeAls
The xx,On Hold,5CPqOpKSk0QcJ3dGdaWcRB
Sia,The Greatest,6bLopGnirdrilrpdVB6Um1
The Weeknd,Die For You,2LBqCSwhJGcFQeTHMVGwy3
Dante Klein,Let Me Hold You (Turn Me On),0lmdsH1MIoLsMymnNpd6HU
J. Cole,Neighbors,0utlOiJy2weVl9WTkcEWHy
Young M.A,OOOUUU,7JYsArznYOjX2jsrT3UEnL
The xx,Say Something Loving,728zbo72kOoYdGR3AhNsyF
The xx,Dangerous,33B2QbtAj8mbDpwvGTOnBt
MC G15,Deu Onda,0EPxmvsG1BY5td4aTOkWBF
Tiësto,On My Way,4hiUYb2nb6NlfTP9CD38Pe
Nause,Dynamite (feat. Pretty Sister),2Ae5awwKvQpTBKQHr1TYCg
Halsey,Not Afraid Anymore,1uoL9GX45dTnmrWQ7Ii1Ft
The Weeknd,Rockin’,36YCdzT57us0LhDmCYtrNE
VÉRITÉ,Somebody Else,34i4yxPrHWquuR4kjiivFO
Galantis,No Money,0gb1J5UrTpzaU1s3nupgCd
The xx,Lips,1onfcprzpSGh2LqrBh17AA
The Weeknd,Can't Feel My Face,6RsWqX8zABZLhZydXxEFOm
The xx,I Dare You,044qU7kwVZaDwzWnRsmVVL
Ed Sheeran,The A Team,1VdZ0vKfR5jneCmWIUAMxK
James Hersey,Miss You,7of1slAJIWrXxP8ikAHxje
Ed Sheeran,Give Me Love,0SuG9kyzGRpDqrCWtgD6Lq
J. Cole,Immortal,6AGON2BGdPmPMJGiiNuuwl
Tove Lo,Cool Girl,5dKyZWlgjWw1oJgLa4GCZD
State of Sound,Wake Up Where You Are,2s76aKBWKShlwPC4xTtEEE
Marc E. Bassy,You & Me,4QdovcM8j50QPlyR7tH4xe
Joel Adams,Please Don't Go,3cNjgVBKTJ1SvKhunrCdVy
Kiiara,Gold,6WhzFzROw3aq3rPWjgYlxr
Flume,Say It (feat. Tove Lo),4sQMalN597HdggTu196aL0
David Guetta,Would I Lie To You - Radio Edit,4PdJSsESm34djLfBde9Pr2
Coldplay,Hymn For The Weekend,3RiPr603aXAoi4GHyXx0uy
The Weeknd,True Colors,6i759FCuKx713ZnYjtpQGU
The Weeknd,Secrets,3DX4Y0egvc0slLcLl31h2p
Anne-Marie,Alarm,0OwX5aROoW1Iip8FV51Efg
Mark Ronson,Uptown Funk,32OlwWuMpZ6b0aN2RZOeMS
Foster The People,Pumped Up Kicks,7w87IxuO7BDcJ3YUqCyMTT
Queen,Bohemian Rhapsody - Remastered 2011,1AhDOtG9vPSOmsWgNW0BEY
Flo Rida,My House,6Knv6wdA0luoMUuuoYi2i1
Robin Schulz,Sugar (feat. Francesco Yates),5tf1VVWniHgryyumXyJM7w
Coldplay,Adventure Of A Lifetime,69uxyAqqPIsUyTO8txoP2M
Macklemore & Ryan Lewis,Can't Hold Us - feat. Ray Dalton,3bidbhpOYeV4knp8AIu8Xn
Nicky Jam,Hasta el Amanecer,5Fim1gaXBgsiFfsQAfQSDS
Kygo,Stay,2FiSTH0GYpIioUgjfzMIja
Kanye West,Famous,19a3JfW8BQwqHWUMbcqSx8
Maroon 5,Sugar,494OU6M7NOf4ICYb4zWCf5
J Balvin,Bobo,7AtlMCIauSQZqiXSlbBPW6
Mariah Carey,All I Want for Christmas Is You,0bYg9bo50gSsH3LtXe2SQn
Wham!,Last Christmas,2FRnf9qhLbvw8fu4IBXx78
The Vamps,All Night,4b4KcovePX8Ke2cLIQTLM0
Sage The Gemini,Now and Later,08WPvDEsHvTFuB9w8tC2OS
Michael Bublé,It's Beginning To Look A Lot Like Christmas,0lLdorYw7lVrJydTINhWdI
Andy Williams,It's the Most Wonderful Time of the Year,5hslUAKq9I9CG2bAulFkHN
Aminé,Caroline,5hTpBe8h35rJ67eAWHQsJx
Bobby Helms,Jingle Bell Rock,1cImYkHOQMFE7AZC9aOk4y
Frank Sinatra,Let It Snow! Let It Snow! Let It Snow!,7inXu0Eaeg02VsM8kHNvzM
Bing Crosby,White Christmas,4so0Wek9Ig1p6CRCHuINwW
Brenda Lee,Rockin' Around The Christmas Tree - Single Version,3T7dNA7O8c3Axj5WyDNcH3
José Feliciano,Feliz Navidad,7taXf5odg9xCAZERYfyOkS
Band Aid,Do They Know It's Christmas? - 1984 Version,1hvpDAxZPKjKztOc72sv06
Elvis Presley,Blue Christmas,3QiAAp20rPC3dcAtKtMaqQ
Shakin' Stevens,Merry Christmas Everyone - Remastered,2ISl1zekPsc26sUQpVt8UB
Ariana Grande,Santa Tell Me,1ADjWm8QNhgNV8yCNNgQ1T
John Lennon,Happy Xmas (War Is Over) - 2010 Digital Remaster,3zJw3rugfpVrmBeDDnUYzy
Luke Christopher,Lot to Learn,2HzfRSfCogBSsgW2CckVA2
Justin Bieber,Mistletoe,32OWobmyAz8J2qA8iWekyS
Nat King Cole,The Christmas Song (Merry Christmas To You),5humEOJehpAwMJEJmb0JJ2
The Pogues,Fairytale of New York (feat. Kirsty MacColl),3VTNVsTTu05dmTsVFrmGpK
Pentatonix,Hallelujah,550rQQCGkrTzvp4SfpOPzx
Paul McCartney,Wonderful Christmastime - Remastered 2011 / Edited Version,4gavOCQdZ2g86gkvi17FM7
Phil Spector,Sleigh Ride,7wiESxCGoUkRdgZF2JOLZu
Chuck Berry,Run Rudolph Run - Single Version,2pnPe4pJtq7689i5ydzvJJ
Perry Como,It's Beginning to Look a Lot Like Christmas,6IeK3Ap5m3HabwJxgI6eSE
Burl Ives,A Holly Jolly Christmas - Single Version,65Q2mv3UlVi9eO70OpsmSe
Michael Bublé,White Christmas (Duet With Shania Twain),2gbCG4Rt9984UZ7Tc0dIFd
Elton John,Step Into Christmas,3YQUpKTmtgPJf8u6ooi9KA
Michael Bublé,Holly Jolly Christmas,6tjituizSxwSmBB5vtgHZE
Bruce Springsteen,Santa Claus Is Comin' to Town - Single Version,6s2wpWPFPAgKg2LXxi1Oee
Eartha Kitt,Santa Baby,1foCxQtxBweJtZmdxhEHVO
George Michael,Careless Whisper,2R7858bg0GHuBBxjTyOL7N
Michael Bublé,Santa Claus Is Coming To Town,5Ber68jZ7ytegr2UISEdb7
Sam Smith,Have Yourself A Merry Little Christmas,7Hz6LLOVxrojLPIHJJ1S0E
Mykola Dmytrovych Leontovych,Carol of the Bells,4tHqQMWSqmL6YjXwsqthDI
Michael Bublé,Jingle Bells (feat. The Puppini Sisters),4qBejt9FeqLI9blHI1Nq1x
Boney M.,Mary's Boy Child / Oh My Lord,6YnzBV7YkaXZNCK3tlnCfg
Britney Spears,My Only Wish (This Year),7aiVBCp1ibIWE5GeHkbtxr
Michael Bublé,All I Want For Christmas Is You,0xPaZrF25ltzvz1a2Pm5DQ
Coldplay,Christmas Lights,4fzyvSu73BhGvi96p2zwjL
George Michael,Faith - Remastered,0HEmnAUT8PHznIAAmVXqFJ
