Artist,Title,Spotify ID
The Weeknd,Starboy,5aAx2yezTd8zXrkmtKl66Z
The Chainsmokers,Closer,7BKLCZ1jbUBVqRi2FVlTVw
Clean Bandit,Rockabye (feat. Sean Paul & Anne-Marie),5knuzwU65gJK7IF5yJsuaW
DJ Snake,Let Me Love You,4pdPtRcBmOSQDlJ3Fk945m
ZAYN,"I Don’t Wanna Live Forever (Fifty Shades Darker) - From ""Fifty Shades Darker (Original Motion Picture Soundtrack)""",3NdDpSvN911VPGivFlV5d0
Maroon 5,Don't Wanna Know,5MFzQMkrl1FOOng9tq6R9r
Drake,Fake Love,343YBumqHu19cGoGARUTsd
James Arthur,Say You Won't Let Go,5uCax9HTNlzGybIStD3vDh
Bruno Mars,24K Magic,6b8Be6ljOzmkOmFslEb23P
The Weeknd,I Feel It Coming,5GXAXm5YOmYT0kL5jHvYBt
Rae Sremmurd,Black Beatles,6fujklziTHa8uoM5OQSfIo
Drake,One Dance,1xznGGDReH1oQq0xzbwXa3
Shakira,Chantaje,6mICuAdrwEjh6Y6lroV2Kg
Major Lazer,Cold Water (feat. Justin Bieber & MØ),6DNtNfH8hXkqOX1sjqmI7p
Starley,Call On Me - Ryan Riback Extended Remix,78rIJddV4X0HkNAInEcYde
Martin Garrix,In the Name of Love,04DwTuZ2VBdJCCC5TROn7L
Migos,Bad and Boujee (feat. Lil Uzi Vert),4Km5HrUvYTaSUfiSGPJeQR
Ariana Grande,Side To Side,4pLwZjInHj3SimIyN9SnOz
Steve Aoki,Just Hold On,3EmmCZoqpWOTY1g2GBwJoR
Hailee Steinfeld,Starving,1qOLh0tI7trd1zdDKxYZTe
Machine Gun Kelly,Bad Things (with Camila Cabello),1PSBzsahR2AKwLJgx8ehBj
Shawn Mendes,Mercy,4TZy1wLyHec06pwgFYDh1a
Calvin Harris,My Way,1vvNmPOiUuyCbgWmtc6yfm
The Chainsmokers,All We Know,2rizacJSyD9S1IQUxUxnsK
The Chainsmokers,Don't Let Me Down,0QsvXIfqM0zZoerQfsI9lm
Shawn Mendes,Treat You Better,4Hf7WnR761jpxPr5D46Bcd
Twenty One Pilots,Heathens,6i0V12jOa3mr6uu4WYhUBr
Justin Timberlake,"CAN'T STOP THE FEELING! (Original Song from DreamWorks Animation's ""TROLLS"")",6JV2JOEocMgcZxYSZelKcc
Alessia Cara,Scars To Your Beautiful,0prNGof3XqfTvNDxHonvdK
The Vamps,All Night,1yNyoWWWikbLhwIGWjZuDW
Sia,Cheap Thrills,27SdWb2rFzO6GWiYDBTD9j
Sage The Gemini,Now and Later,43jBqV3j3Xi1g6wO0bhIMd
John Legend,Love Me Now,6nxQdXa1uAL0rY72wPZu89
Jonas Blue,By Your Side,1D3ODoXHBLpdxolZRHWV1j
CNCO,Reggaetón Lento (Bailemos),3AEZUABDXNtecAOSC1qTfo
Alan Walker,Alone,0JiVRyTJcJnmlwCZ854K4p
Nevada,The Mack,7aV2mflaASUmGhCErm7kBO
Zara Larsson,I Would Like,4Q4jmPHwu0wrJvqrld0FQ6
Robin Schulz,Shed a Light,1cG0umU5TKStygKsPFZ9pY
Mike Posner,I Took A Pill In Ibiza - Seeb Remix,17Fd6Yb7mSbinKG8LoWfFl
Charlie Puth,We Don't Talk Anymore (feat. Selena Gomez),68EMU2RD1ECNeOeJ5qAXCV
Alok,Hear Me Now,1a5Yu5L18qNxVhXx38njON
J Balvin,Safari,6rQSrBHf7HlZjtcMZ4S4bO
DRAM,Broccoli (feat. Lil Yachty),7yyRTcZmCiyzzJlNzGC9Ol
Calvin Harris,This Is What You Came For,0azC730Exh71aQlOt9Zj3y
Alessia Cara,"How Far I'll Go - From ""Moana""",5hYTyyh2odQKphUbMqc5gN
Aminé,Caroline,5GFDrUTLGJix84sNhjCG0g
Fifth Harmony,Work from Home,4tCtwWceOPWzenK2HAIJSb
Ricky Martin,Vente Pa' Ca,7DM4BPaS7uofFul3ywMe46
Zion & Lennox,Otra Vez (feat. J Balvin),3QwBODjSEzelZyVjxPOHdq
The Weeknd,Party Monster,4F7A0DXBrmUAkp32uenhZt
NEIKED,Sexual,3AsAuGTaDQzavZZThyYlop
Jonas Blue,Perfect Strangers,1CUVN2kn7mW5FjkqXTR2W1
Sia,The Greatest,7xHWNBFm6ObGEQPaUxHuKO
Twenty One Pilots,Ride,2Z8WuEywRWYTKe1NybPQEW
Big Sean,Bounce Back,0SGkqnVQo9KPytSri1H6cF
J. Cole,Deja Vu,6I6NX6tjGsxFAsIfGzY9lJ
Martin Jensen,Solo Dance,6HUnnBwYZqcED1eQztxMBN
Rihanna,Work,14WWzenpaEgQZlqPq2nk4v
Drake,Too Good,11KJSRSgaDxqydKYiD2Jew
Rag'n'Bone Man,Human,58zsLZPvfflaiIbNWoA22O
Justin Bieber,Love Yourself,3hB5DgAiMAQ4DzYbsMq1IT
Twenty One Pilots,Stressed Out,3CRDbSIZ4r5MsZ0YwxuEkn
Alan Walker,Faded,7gHs73wELdeycvS48JfIos
Justin Bieber,Sorry,69bp2EbF7Q2rqc5N3ylezZ
Desiigner,Panda,5OOkp4U9P9oL23maHFHL1h
gnash,"i hate u, i love u (feat. olivia o'brien)",7vRriwrloYVaoAe3a9wJHe
Noah Cyrus,Make Me (Cry),2BrzlUj1u1CtvaJDGIKpsP
Adele,Water Under the Bridge,4vb4mFvYsr2h6enhjJsq9Y
DNCE,Cake By The Ocean,2aFiaMXmWsM3Vj72F9ksBl
Sia,The Greatest,6bLopGnirdrilrpdVB6Um1
Coldplay,Hymn For The Weekend - Seeb Remix,1OAiWI2oPmglaOiv9fdioU
Mike Perry,The Ocean,2CPqh63wRVscbceKcPxwvv
Luke Christopher,Lot to Learn,3TRFq09DUgYj1mug6RRqJW
Lil Wayne,"Sucker For Pain (with Wiz Khalifa, Imagine Dragons, Logic & Ty Dolla $ign feat. X Ambassadors)",4dASQiO1Eoo3RJvt74FtXB
Major Lazer,Light It Up (feat. Nyla & Fuse ODG) - Remix,0L7loeTIg6akW84aEQZpCT
The Chainsmokers,Setting Fires,0B8B8cVRFIG1yznoQe7c9s
Drake,Controlla,6F609ICg9Spjrw1epsAnpa
MC G15,Deu Onda,0EPxmvsG1BY5td4aTOkWBF
Carlos Vives,La Bicicleta,0sXvAOmXgjR2QUqLK1MltU
Little Mix,Shout Out to My Ex,0YHUITU3w6ws1v8ehT264g
Ariana Grande,Into You,7yHEDfrJNd0zWOfXwydNH0
Cashmere Cat,Trust Nobody (feat. Selena Gomez & Tory Lanez),2wDjpPW3HZdA9quPPmZAMu
Sebastian Yatra,Traicionera,5J1c3M4EldCfNxXwrwt8mT
Petit Biscuit,Sunset Lover,0hNduWmlWmEmuwEFcYvRu1
21 Savage,X (feat. Future),6fwdbPMwP1zVStm8FybmkO
Rob $tone,Chill Bill,5uDASfU19gDxSjW8cnCaBp
Rihanna,Needed Me,1Tt4sE4pXi57mTD1GCzsqm
Lukas Graham,7 Years,7129iqBafaphfc3WPCGC0L
Zay Hilfigerrr,Juju On That Beat (TZ Anthem),1lItf5ZXJc1by9SbPeljFd
Jon Bellion,All Time Low,1CnPYaKxTVb4LWOtiGOm0m
FRENSHIP,Capsize,2XMTqoHHSH0lvuXrvIEdco
Adele,Send My Love (To Your New Lover),4BHzQ9C00ceJxfG16AlNWb
Jonas Blue,Fast Car,6OZh916QF8XNunWaP97WEZ
Bruno Mars,Versace On The Floor,0kN8xEmgMW9mh7UmDYHlJP
Drake,Sneakin’,4ckuS4Nj4FZ7i3Def3Br8W
Kungs,This Girl (Kungs Vs. Cookin' On 3 Burners) - Kungs Vs. Cookin' On 3 Burners,0tICYNayWWhH9GPeFrfjfD
Daddy Yankee,Shaky Shaky,58IL315gMSTD37DOZPJ2hf
Enrique Iglesias,DUELE EL CORAZON,6YZdkObH88npeKrrkb8Ggf
Vice,Steady 1234 (feat. Jasmine Thompson & Skizzy Mars),40UroIGvsMPLPBYwH8rMNA
The Weeknd,Sidewalks,4h90qkbnW1Qq6pBhoPvwko
DJ Snake,Middle,4OZEu0Vwq0RB2LAq14v99n
Ed Sheeran,Photograph,6fxVffaTuwjgEk5h9QyRjy
Cheat Codes,Sex,5DA77EqppDmCTWGovd4oTP
MØ,Final Song,4qqArAiTPueDxIp7cf87h7
Bebe Rexha,I Got You,1FUViuNSldssMIawrOXF2i
G-Eazy,"Me, Myself & I",40YcuQysJ0KlGQTeGUosTC
Andy Grammer,Fresh Eyes,4nMlau89VAjmV7agkl7OY3
Hearts & Colors,Lighthouse - Andrelli Remix,04CttTezSnv71USiiG9mIo
21 Savage,No Heart,4gmmRb6bZJffOOiww1JGTO
The Weeknd,Six Feet Under,4mU5iXHeLgbR94siF7p1sY
Ozuna,Dile Que Tu Me Quieres,20ZAJdsKB5IGbGj4ilRt2o
Major Lazer,Lean On (feat. MØ & DJ Snake),4WjH9Bzt3kx7z8kl0awxh4
IAmChino,Ay Mi Dios,6stYbAJgTszHAHZMPxWWCY
Galantis,Love On Me,2MHCiOohBZEQuLgDTPvSzF
Young M.A,OOOUUU,7JYsArznYOjX2jsrT3UEnL
Niall Horan,This Town,5nA67Y0XX9JipZwYxX7Gl7
Childish Gambino,Redbone,3kxfsdsCpFgN412fpnW85Y
AJR,Weak,3E2Zh20GDCR9B1EYjfXWyv
Ed Sheeran,Thinking Out Loud,1Slwb6dOYkBlWal1PGtnNg
Calum Scott,Dancing On My Own,02WacdrRpm4zlP8H7X6bnQ
ZAYN,PILLOWTALK,0PDUDa38GO8lMxLCRc4lL1
Nause,Dynamite (feat. Pretty Sister),2Ae5awwKvQpTBKQHr1TYCg
Zara Larsson,Lush Life,1rIKgCH4H52lrvDcz50hS8
Zara Larsson,Ain't My Fault,0ADG9OgdVTL7fgREP75BrZ
Chance The Rapper,No Problem (feat. Lil Wayne & 2 Chainz),0v9Wz8o0BT8DU38R4ddjeH
Adele,Hello,4sPmO7WMQUAf45kwMOtONw
Flume,Never Be Like You,12REd1n8PeiHHWOh066tpr
The Chainsmokers,Roses,6O6M7pJLABmfBRoGZMu76Y
KYLE,iSpy (feat. Lil Yachty),2EEeOnHehOozLq4aS0n6SL
Galantis,No Money,0gb1J5UrTpzaU1s3nupgCd
Rihanna,Love On The Brain,2aksifNn5ph8igDOkPBA02
Maluma,Borro Cassette,6DUdDIRgLqCGq1DwkNWQTN
Young Thug,pick up the phone,20dP2DaMHIAmwWAbp7peSr
G-Eazy,Some Kind Of Drug,1Bqxj0aH5KewYHKUg1IdrF
Justin Bieber,What Do You Mean?,3pzjHKrQSvXGHQ98dx18HI
Shawn Mendes,Stitches,1WP1r7fuvRqZRnUaTi2I1Q
J. Cole,Neighbors,0utlOiJy2weVl9WTkcEWHy
Chino & Nacho,Andas En Mi Cabeza,5mey7CLLuFToM2P68Qu1gF
Wisin,Vacaciones,3dQDid3IUNhZy1OehIfYfE
Lil Uzi Vert,You Was Right,2ANLarE8yHVsLWW21nj79M
Sean Paul,No Lie,3cFsmM51N5zMAuu1nNY4Tw
Piso 21,Me Llamas (feat. Maluma) - Remix,5hEM0JchdVzQ5PwvSfITeX
San Holo,Light,7zTx8ePYAmPFQuxP3xlXZn
State of Sound,Wake Up Where You Are,2s76aKBWKShlwPC4xTtEEE
The Weeknd,Reminder,37F0uwRSrdzkBiuj0D5UHI
Drake,Hotline Bling,2FBUoWkIuQXwayw2RNo5l6
Dante Klein,Let Me Hold You (Turn Me On),0lmdsH1MIoLsMymnNpd6HU
James Hersey,Miss You,7of1slAJIWrXxP8ikAHxje
Drake,Jumpman,27GmP9AWRs744SzKcpJsTZ
J. Cole,Immortal,6AGON2BGdPmPMJGiiNuuwl
Bruno Mars,That's What I Like,0KKkJNfGyhkQ5aFogxQAPU
Rae Sremmurd,Swang,6mapJIPnQ23RTAevUoE0DL
The Weeknd,Rockin’,36YCdzT57us0LhDmCYtrNE
Anne-Marie,Alarm,0OwX5aROoW1Iip8FV51Efg
KREAM,Taped Up Heart (feat. Clara Mae),26hcyzSE154xMZCbFdtInA
The Weeknd,The Hills,25khomWgBVamSdKw7hzm3l
Kiiara,Gold,6WhzFzROw3aq3rPWjgYlxr
Little Mix,Touch,5Ua3GXyHwiSfpNTMjq6m2z
David Guetta,Would I Lie To You - Radio Edit,4PdJSsESm34djLfBde9Pr2
Maluma,Cuatro Babys,0JoHqmlqE0W0i9prt6kcHR
Tove Lo,Cool Girl,5dKyZWlgjWw1oJgLa4GCZD
James Bay,Let It Go,13HVjjWUZFaWilh2QUJKsP
Charly Black,Gyal You A Party Animal - Remix,1AkTW13ysu0AJrwuM6UY0I
MiC LOWRY,Oh Lord,1sTUEdVO85YU8Ymk2jeAls
Future,Low Life,7EiZI6JVHllARrX9PUvAdX
Joel Adams,Please Don't Go,3cNjgVBKTJ1SvKhunrCdVy
The Weeknd,Can't Feel My Face,6RsWqX8zABZLhZydXxEFOm
JP Cooper,September Song,0FuTx2s3YH1ppmtiM6l0zI
The Weeknd,Die For You,2LBqCSwhJGcFQeTHMVGwy3
Eminem,Lose Yourself - Soundtrack Version,5Z01UMMf7V1o0MzF86s6WJ
Coldplay,Hymn For The Weekend,3RiPr603aXAoi4GHyXx0uy
Marc E. Bassy,You & Me,4QdovcM8j50QPlyR7tH4xe
DVBBS,Not Going Home,042x9bsUBWW2fJgJ6fUh61
Flume,Say It (feat. Tove Lo),4sQMalN597HdggTu196aL0
J. Cole,No Role Modelz,62vpWI1CHwFy7tMIcSStl8
Lady Gaga,Million Reasons,50PWlIBU7PlGGwzgN8TiFJ
The Weeknd,Secrets,3DX4Y0egvc0slLcLl31h2p
Future,Used to This,78sr3ogs4UzITcCNbXM9cM
Mura Masa,Love$ick,5v9N8Rx3QsFvr50cxyQcA3
Mark Ronson,Uptown Funk,32OlwWuMpZ6b0aN2RZOeMS
Foster The People,Pumped Up Kicks,7w87IxuO7BDcJ3YUqCyMTT
Queen,Bohemian Rhapsody - Remastered 2011,1AhDOtG9vPSOmsWgNW0BEY
Farruko,Chillax,1lxswgIpzV6HhENRvkflES
Flo Rida,My House,6Knv6wdA0luoMUuuoYi2i1
Robin Schulz,Sugar (feat. Francesco Yates),5tf1VVWniHgryyumXyJM7w
The Weeknd,True Colors,6i759FCuKx713ZnYjtpQGU
Milky Chance,Cocoon,0L87MffumRNWrY2SNUFcvs
Coldplay,Adventure Of A Lifetime,69uxyAqqPIsUyTO8txoP2M
Macklemore & Ryan Lewis,Can't Hold Us - feat. Ray Dalton,3bidbhpOYeV4knp8AIu8Xn
Nicky Jam,Hasta el Amanecer,5Fim1gaXBgsiFfsQAfQSDS
Travis Scott,goosebumps,6gBFPUFcJLzWGx4lenP6h2
The Killers,Mr. Brightside,7oK9VyNzrYvRFo7nQEYkWN
Kygo,Stay,2FiSTH0GYpIioUgjfzMIja
Post Malone,White Iverson,6eT7xZZlB2mwyzJ2sUKG6w
Kanye West,Famous,19a3JfW8BQwqHWUMbcqSx8
John Legend,All of Me,2q6tgiA9tpb6DMguABwCWE
Maroon 5,Sugar,494OU6M7NOf4ICYb4zWCf5
Passenger,Let Her Go,2jyjhRf6DVbMPU5zxagN2h
J Balvin,Bobo,7AtlMCIauSQZqiXSlbBPW6
Ed Sheeran,Shape of You,7qiZfU4dY1lWllzX7mPBI3
Ed Sheeran,Castle on the Hill,6PCUP3dWmTjcTtXY02oFdT
Snakehips,Don't Leave,0Zx8khUcEfCFK2AEoIhC92
Ed Sheeran,The A Team,1VdZ0vKfR5jneCmWIUAMxK
Ed Sheeran,I See Fire,3B7udSGy2PfgoCniMSb523
Isaiah,It's Gotta Be You,6cAKeFFYW2aClZSUyvqAEW
Ed Sheeran,Don't,6gTJaPuj8DT8RjuDJyBgzP
Ed Sheeran,Tenerife Sea,6vSwxzO2Qf4BinHSXRwZJe
Flo Rida,Cake,6t2ubAB4iSYOuIpRAOGd4t
Ed Sheeran,Give Me Love,0SuG9kyzGRpDqrCWtgD6Lq
Big Sean,Moves,0Fv5N0cHBsl4bzCbollCAS
Chris Brown,Party,05Z7jet4VDNVgNQWcYHnrk
Eminem,'Till I Collapse,6yr8GiTHWvFfi4o6Q5ebdT
Jax Jones,You Don't Know Me - Radio Edit,00lNx0OcTJrS3MKHcB80HY
The Chainsmokers,Paris,72jbDTw1piOOj770jWNeaG
Luis Fonsi,Despacito (Featuring Daddy Yankee),4aWmUDTfIPGksMNLV2rQP2
The xx,On Hold,5CPqOpKSk0QcJ3dGdaWcRB
The xx,Say Something Loving,728zbo72kOoYdGR3AhNsyF
Migos,T-Shirt,7KOlJ92bu51cltsD9KU5I7
A R I Z O N A,Oceans Away,6A8dnC0xkiuWN4BshmTB2I
The xx,Dangerous,33B2QbtAj8mbDpwvGTOnBt
Olivia Holt,History,0WCEaydwN65cvwaW8aqptF
Stanaj,Romantic - NOTD Remix,3SGWp9fJCzgK0WcpcKSQdy
Lauv,The Other,1lntL1cI2UIWlxjL5QiN8g
Tiësto,On My Way,4hiUYb2nb6NlfTP9CD38Pe
Julia Michaels,Issues,1sXUWdKx03aP9Gmzft58rt
Halsey,Not Afraid Anymore,1uoL9GX45dTnmrWQ7Ii1Ft
Don Omar,Te Quiero Pa´Mi,3BY2mafsbsoKGqS380Xnuz
VÉRITÉ,Somebody Else,34i4yxPrHWquuR4kjiivFO
The xx,Lips,1onfcprzpSGh2LqrBh17AA
The xx,I Dare You,044qU7kwVZaDwzWnRsmVVL
Nicky Jam,El Amante,3umS4y3uQDkqekNjVpiRUs
John Mayer,Moving On and Getting Over,1crSsvtU9wZB15dIQXV2QH
Ryan Gosling,"City Of Stars - From ""La La Land"" Soundtrack",0LtVx5vsq9nfpGsWgjUin6
Gucci Mane,Both (feat. Drake),5tFep7dXGd7vEJ668wTPux
John Mayer,Love on the Weekend,0oiCeOPwm4zhwfyIpAE37y
PnB Rock,Selfish,2xbI8Vmyv3TkpTdywpPyNw
La La Land Cast,"Another Day Of Sun - From ""La La Land"" Soundtrack",0zCfmceT1YvtZXGbR6Roht
Post Malone,Congratulations,3a1lNhkSLSkpJE4MSHpDu9
Sam Smith,Stay With Me,5Db9VIdDsN5yu3Eu7CT0i4
Hozier,Take Me To Church,0IqKeD8ZSP72KbGYyzEcAs
Coldplay,The Scientist,75JFxkI2RXiU7L9VXzMkle
Martin Garrix,Scared to Be Lonely,3ebXMykcMXOcLeJ9xZ17XH
Major Lazer,Run Up (feat. PARTYNEXTDOOR & Nicki Minaj),0fg8CqpjdojMyXLNzM2PaJ
Zara Larsson,So Good,54LGxQGf5LPXNGjtzDZ5IE
Migos,Kelly Price (feat. Travis Scott),204U3zjm9kkzX25Pr4Rdld
Migos,Call Casting,0jOfl1nZf6sVBTG08Q4brn
Migos,Slippery (feat. Gucci Mane),6p8NuHm8uCGnn2Dtbtf7zE
Migos,Get Right Witcha,76Y0gxtTxN0FyDCYh5qYQj
Anuel Aa,"Sola (Remix) [feat. Daddy Yankee, Wisin, Farruko, Zion & Lennox]",5q2JbCNi4FcnglgPfxcV65
Migos,Culture (feat. DJ Khaled),4oLuMvGQ4WJfU2s4OM6nfE
Migos,Brown Paper Bag,5wihevBA7MO9PNYyWyTfkh
Big Sean,No Favors,1MksGqIztTT6M9R1ErKVs8
Imagine Dragons,Believer,0CcQNd8CINkwQfe1RDtGV6
Big Sean,Halfway Off The Balcony,4atJ40xfasjdM9ZF3p07BV
Big Sean,Sacrifices,1r0faljjM2b876iNoaDUh5
Big Sean,Jump Out The Window,1jQsKN68yE94tMYml0wHMd
Big Sean,Owe Me,1u0MOgWF1bbylVxpJG2ZjB
Sam Hunt,Body Like A Back Road,7mldq42yDuxiUNn08nvzHO
Big Sean,Light,0URaKGzNTtzKRtsJN1RkA9
Big Sean,Voices In My Head/Stick To The Plan,2pzuU8vLaG8W1P31X65ZP9
Aaron Carter,Sooner Or Later,6wV12xIUb8oFY7lBy4KuQe
Daddy Yankee,La Rompe Corazones,4okba5wu9mMLXx79DXLKi3
Khalid,Location,152lZdxL1OR0ZMW6KquMif
Big Sean,Bigger Than Me,6zpXc7WJ3TqYWb02B6sKyF
Grey,I Miss You,1sl5tSzfK1JrcQIcA8rYDy
Katy Perry,Chained To The Rhythm,6520aj0B4FSKGVuKNsOCOi
Dua Lipa,Be The One,7FCfMXYTIiQ9b4hDYs4Iol
Nick Jonas,"Bom Bidi Bom - From ""Fifty Shades Darker (Original Motion Picture Soundtrack)""",4nDfc6F2uVcc6wdG7kBzWO
XXXTENTACION,Look at Me!,2oUuLLKS8WbF7ELJcwbqms
Beyoncé,Halo,2CvOqDpQIMw69cCzWqr5yr
Rag'n'Bone Man,Skin,6y2Kaz9QI01XBKJ8mTb7Pf
Sia,"Helium - From ""Fifty Shades Darker (Original Motion Picture Soundtrack)""",5fc6rQgAKiLutfUYWQ6QnJ
Axwell /\ Ingrosso,I Love You,11Fo4dAH31K7UZHGqCkCmE
Desiigner,Outlet,6E39QsoWB7JjphPF9xCQSN
Marian Hill,Down,2dqLk7ezV15LEJEwUmEbXB
Sabrina Carpenter,Thumbs,3UjJP4ludb74a29P5EHEIo
Chance The Rapper,Same Drugs,6m9qPYXmhge2QhBLfFKnVF
Thomas Gold,Magic,5abwHwUhywLGNli5NDcEN7
Oasis,Wonderwall - Remastered,5qqabIl2vWzo9ApSC317sa
Burak Yeter,Tuesday,7abpmGpF7PGep2rDU68GBR
Adele,When We Were Young,7IWkJwX9C0J7tHurTD7ViL
Kygo,It Ain't Me (with Selena Gomez),3eR23VReFzcdmS7TYCrhCe
Maroon 5,Cold,5NNlUMcOEOdoOIwwaWXv0k
Ed Sheeran,How Would You Feel (Paean),6PJ8FF6UR8FZXfEvpHkIVN
Lana Del Rey,Love,0n2bvWvMwr0gbjcuTm92eW
Future,Mask Off,3rOSwuTsUlJp0Pu0MkN8r8
Future,Rent Money,4Zxdw0Hno7YDu0IzvY76Qo
Linkin Park,Heavy (feat. Kiiara),104buTcnP2AsxqB7U1FIZ4
Future,Draco,67dyMPOUsbZ9Yg06PnfAAh
Kodak Black,Tunnel Vision,4Q3N4Ct4zCuIHuZ65E3BD4
The Chainsmokers,Something Just Like This,6RUKPb4LETWmmr3iAEQktW
Danny Ocean,Me Rehúso,6De0lHrwBfPfrhorm9q1Xl
Bag Raiders,Shooting Stars,0UeYCHOETPfai02uskjJ3x
NAV,Some Way,7zxRMhXxJMQCeDDg0rKAVo
Joakim Lundell,All I Need,6vBgJ1SLmpB4VMcEVy1ovL
Future,Super Trapper,5e0RPsQUTQu0A29wqD6bZR
DJ Khaled,Shining,3OoZagIW3YK8vjt0ws6NOI
Calvin Harris,Slide,7tr2za8SQg2CI8EDgrdtNl
Zedd,Stay (with Alessia Cara),0dA2Mk56wEzDgegdC6R17g
Enrique Iglesias,SUBEME LA RADIO,7nKBxz47S9SD79N086fuhn
Future,Comin Out Strong,3mRcWCyteY2133a7xVMrYw
Future,Selfish,2Ce5IyMlVRVvN997ZJjJJA
Stormzy,Big For Your Boots,3uMB82o0qa7erhiZBW9KQC
Jason Derulo,Swalla (feat. Nicki Minaj & Ty Dolla $ign),6kex4EBAj0WHXDKZMEJaaF
Ed Sheeran,Shape of You (Major Lazer Remix) [feat. Nyla & Kranium],1KqvRRQd3lfM0pAlkGPrgD
Ed Sheeran,Shape of You - Stormzy Remix,2NHSYwGkAvPHzCinY0KwXo
MAX,Lights Down Low,1sYSP7gKa5kdKIfhANfori
Kaleo,Way Down We Go,0y1QJc3SJVPKJ1OvFmFqe6
Ed Sheeran,Galway Girl,0afhq8XCExXpqazXczTSve
Ed Sheeran,Perfect,0tgVpDi06FyKpA1z0VMD4v
Ed Sheeran,Happier,2RttW7RAu5nOAfq6YFvApB
Ed Sheeran,Dive,51ChrwmUPDJvedPQnIU8Ls
Ed Sheeran,New Man,5HDPtsnyb3maFmPL8LLUTG
Ed Sheeran,What Do I Know?,2pJZ1v8HezrAoZ0Fhzby92
Ed Sheeran,Eraser,7oolFzHipTMg2nL7shhdz2
Ed Sheeran,Supermarket Flowers,4VuS959DSpr82t3qBqCrWG
Ed Sheeran,Barcelona,3Lfiu5sZ4M4B6JaKMBc0FU
Ed Sheeran,Hearts Don't Break Around Here,2dfHh7ECGxfNqZTQno09Vk
Ed Sheeran,Nancy Mulligan,35QZaWQRkmnAVqBF1TLCxQ
Lorde,Green Light,0gbBzIqrECJOEPvQJIBFs5
Ed Sheeran,Bibia Be Ye Ye,6SznMYPQJHzr3IwsAHLId2
Ed Sheeran,Save Myself,6TIU9Ehmi6dMzZK73Ym4yj
XXXTENTACION,Look At Me!,4ARPvK8DHLwt4oX65ZAFMw
Ayo & Teo,Rolex,0pSBuHjILhNEo55xK1zrRt
Coldplay,Hypnotised,5LXj9Ch3O9ATm1NoHT8GXn
Ariana Grande,Everyday,3FiE2d325mIOc4YjkSLVJR
J Balvin,Sigo Extrañándote,6qDF4wWL49CAVbgT7yuHl8
Nicki Minaj,No Frauds,7KcGEssn7BnJdTgildK5y0
Frank Ocean,Chanel,6Nle9hKrkL1wQpwNfEkxjh
Lorde,Liability,0or0gNaKAXYYCsOrpvRzAu
Stargate,Waterfall,7pYFPMeK0TnaTGdS6qOtEr
Pitbull,Hey Ma (with Pitbull & J Balvin feat. Camila Cabello) - Spanish Version,2Vdub5mY4lad7w64bFPUez
Sebastian Yatra,Alguien Robo,5i50gKdLAjjIr7UxRT5IVy
Ariana Grande,美女と野獣,1KT0xdIjm7t053xByACrrg
Astrid S,Breathe,4fhVodXZARPX0oTuQh8V9l
Chance The Rapper,All Night (feat. Knox Fortune),60xaS8mYBKUW4VQQ666N0T
Drake,Passionfruit,7hDc8b7IXETo14hHIHdnhd
Drake,Portland,2bjwRfXMk4uRgOD9IBYl9h
Drake,Free Smoke,05KOgYg8PGeJyyWBPi5ja8
Drake,Blem,2XlHu0HcujBCkWMdIAvrqt
Drake,Gyalchester,6UjfByV1lDLW0SOVQA4NAi
Drake,No Long Talk,6CfrYuD3YRDYdYvH9jNtXY
Drake,Get It Together,7y6c07pgjZvtHI9kuMVqk1
Drake,Madiba Riddim,76gUmNLXGQVOsGhfcshkFP
Drake,Sacrifices,0xl1w2q4VLojeXp4JfazPL
Drake,Teenage Fever,6n3HGiq4v35D6eFOSwqYuo
Drake,KMT,2jTujnt0y344ai1rNOywgr
Drake,Jorja Interlude,13e6f8t7RKXuxZ0JdaaJRG
Drake,4422,2fkeWbM6iqTw7oGHTYm2lw
Clean Bandit,Symphony (feat. Zara Larsson),1x5sYLZiu9r5E43kMlt9f8
Drake,Skepta Interlude,2dfqS3MRtbLZSZA1IL8xY5
Drake,Glow,28irpKCCK9nn9DZSik2zEx
Drake,Can't Have Everything,5f5r2N4Lp9WoULWPH9zp2W
Drake,Nothings Into Somethings,6MbH1QiphMCPTqVEVC7UYi
Drake,Lose You,2Na0z2gfN67Rzf0vp74Wi3
Drake,Do Not Disturb,2KvHC9z14GSl4YpkNMX384
Drake,Ice Melts,7bJ4mu7MHa3rHiNyKjOoSl
Drake,Since Way Back,5JUu0unA8VwhTZ9LkMWUVI
Machine Gun Kelly,At My Best (feat. Hailee Steinfeld),77lGafvlU68CeHgB2pkHC9
Boef,Habiba,6G41AeVgQkpvEbTxN5fNkW
Zara Larsson,Only You,5SleX0NFeODNY7Xenal3gr
Kendrick Lamar,The Heart Part 4,1zayuwd1YLZsYDArkruHdL
ZAYN,Still Got Time,000xQL6tZNLJzIrtIgxqSl
Lil Uzi Vert,XO TOUR Llif3,2eMwDehkIC1j68U6FA3Eiq
Gorillaz,Saturnz Barz (feat. Popcaan),7l9CE3wmEGOUYw1j4ETjnL
David Guetta,Light My Body Up (feat. Nicki Minaj & Lil Wayne),3vgNmjuRDnGLxUFGCLkwpm
Gorillaz,Andromeda (feat. DRAM),2C0KFbb4v9CNWR5c9jWcKC
Gorillaz,Ascension (feat. Vince Staples),2bBMODHVTXGwE2aZYfbgCt
Anne-Marie,Ciao Adios,3EfugazgSddQvzZpkof5I4
G-Eazy,Good Life (with G-Eazy & Kehlani),1Eck97uRMlprKOOJN9oO1E
Kendrick Lamar,HUMBLE.,7KXjTSCq5nL1LoYtL7XAwS
The Chainsmokers,The One,0wfbD5rAksdXUzRvMfM3x5
Calvin Harris,Heatstroke,60APt5N2NRaKWf5xzJdzyC
Logic,Everybody,7cGFbx7MP0H23iHZTZpqMM
Cheat Codes,No Promises (feat. Demi Lovato),1louJpMmzEicAn7lzDalPW
Zara Larsson,TG4M,4uoumbAMEMaKdtiv763jKz
Prince Royce,Deja vu,46HdsiK0uR26B2dY9QPzda
Maggie Lindemann,Pretty Girl - Cheat Codes X CADE Remix,1NDxZ7cFAo481dtYWdrUnR
Harry Styles,Sign of the Times,5Ohxk2dO5COHF1krpoPigN
Halsey,Now Or Never,0Nhu3zSYbEz32IYiobV75e
The Chainsmokers,Break Up Every Night,6cPyTS0Kk2sc4xQwC93kOg
The Chainsmokers,Bloodstream,26AuyrZGzWWiYZPSd3XBIg
The Chainsmokers,Don't Say,1pJQAHpD51J7GYaFrrFO9S
The Chainsmokers,Honest,6KjbNLbRjuoa8rEq5yNA6H
The Chainsmokers,My Type,6V9kwssTrwkKT72imgowj9
Wisin,Escápate Conmigo,2cnKEkpVUSV4wnjQiTWfH6
The Chainsmokers,It Won't Kill Ya,5xhJmd0I15jFcEdqxfCzKk
The Chainsmokers,Young,1KeZgPUr54C8iz3FjqzVoz
The Chainsmokers,Last Day Alive,6GeD5g9vZTz25Egf8kxoIY
The Chainsmokers,Wake Up Alone,0dj1CtyRxZ4bnIT4Q20jNT
Chris Jeday,Ahora Dice,22eADXu8DfOAUEDw4vU8qy
French Montana,Unforgettable,1F2HXIJrE2Xn81OzT2zZvW
Vice,Obsession (feat. Jon Bellion),5pvVAwQbuFoR7LkcicrKnk
blackbear,do re mi,3Q3myFA7q4Op95DOpHplaY
Lord Huron,The Night We Met,6mORGLOz79w6VsCRLWYYuK
Cali Y El Dandee,Lumbra,6VHdcVbiKLYYOcMbIqBcuK
Joey Bada$$,DEVASTATED,4ntsD33Pgsgk8rUyZLLiUV
Kendrick Lamar,DNA.,6HZILIRieu8S0iqY8kIKhj
Kendrick Lamar,LOYALTY. FEAT. RIHANNA.,6SwRhMLwNqEi6alNPVG00n
Kendrick Lamar,ELEMENT.,1EaKU4dMbesXXd3BrLCtYG
Kendrick Lamar,LOVE. FEAT. ZACARI.,6PGoSes0D9eUDeeAafB2As
Luis Fonsi,Despacito - Remix,5CtI0qwDJkDQGwXD1H1cLb
Kendrick Lamar,YAH.,4BHSjbYylfOH5WAGusDyni
Kendrick Lamar,XXX. FEAT. U2.,4iYRa2btalAzPZoSYfROqF
Kendrick Lamar,FEEL.,2LTlO3NuNVN70lp2ZbVswF
Kendrick Lamar,PRIDE.,6IZvVAP7VPPnsGX6bvgkqg
Kendrick Lamar,LUST.,06FCvd7rrRcF3DdvWH5Isp
Kendrick Lamar,BLOOD.,1n4jwRVXdkK2U34nBDUKKT
Kendrick Lamar,FEAR.,23luOrEVHMfoX0AhfbQuS6
Kendrick Lamar,GOD.,5p3NP9mQblDsVJLdfNZJ3I
Kendrick Lamar,DUCKWORTH.,0y9uTzK9cNKSAEHnpeRG8C
Lady Gaga,The Cure,51PIvodunv6NmX5250zxAh
A Boogie Wit da Hoodie,Drowning (feat. Kodak Black),6Q2FftbUG530lCtBI74bMH
Shakira,Me Enamoré,4qknM1pQz53QOyfDVTjcM9
Bebe Rexha,Bad Bitch (feat. Ty Dolla $ign),4ZJPwET9Jrgpkqi4Vo3Yg8
Logic,Black SpiderMan,7BKUWh5sdtdS17crohRe4L
Lil Yachty,Peek A Boo,5hx4FpDZOnDVYlyoG3rMks
Young Thug,"Gang Up (with Young Thug, 2 Chainz & Wiz Khalifa feat. PnB Rock)",5PfTI3zrQbZEWcQdycMqJM
Shawn Mendes,There's Nothing Holdin' Me Back,79cuOz3SPQTuFrp8WgftAu
Lana Del Rey,Lust for Life (with The Weeknd),5LYQSNHZxEA880URXFHg6h
Maluma,Felices los 4,0qYTZCo5Bwh1nsUFGZP3zn
Charlie Puth,Attention,4iLqG9SeJSnt0cSPICSjxv
Paramore,Hard Times,0w5Bdu51Ka25Pf3hojsKHh
MØ,Nights With You,5q5gzmbBS5yQzos2BvVr1t
CNCO,Hey DJ,209gZgcfLq2aUuu51vOWBl
NAV,Up,5qbcsZMwL0x46sX7VO37Ye
DJ Khaled,I'm the One,3DXncPQOG4VBw3QHh3S817
Kygo,First Time,2Gl0FzuLxflY6nPifJp5Dr
Katy Perry,Bon appétit,61WbtB6ujkpNAsAf5LjF4b
Imagine Dragons,Thunder,0tKcYR2II1VCQWT79i5NrW
Logic,1-800-273-8255,5tz69p7tJuGPeMGwNTxYuV
Kiiara,Whippin (feat. Felix Snow),3QWjljChcOMkRDYSzF33Qr
Cashmere Cat,Quit (feat. Ariana Grande),4Q5yMlwAfAoitqg4r9oZHN
Hailee Steinfeld,Most Girls,2mfUa8bLs2s5N4VaqJZ4lZ
OneRepublic,No Vacancy,6XOYVSmNDjKUNMXooU4s4z
Ozuna,Tu Foto,0Szp49tpFasIjX04Mcsydp
Little Mix,No More Sad Songs (feat. Machine Gun Kelly),5ZnJsoJGkQ5K15W7Rcr5JO
Nicky Jam,Si Tú La Ves,4yN6xPLopmTLvc27pO9LIE
Niall Horan,Slow Hands,167NczpNbRF7oWakJaY3Hh
Harry Styles,Sweet Creature,5kRPPEWFJIMox5qIkQkiz5
Logic,Killing Spree,6OQea06z3cbOqYgG2O6eOZ
Logic,Confess,58kwvMXeOlsvzPqUlyj75Y
Jonas Blue,Mama,4xlrALxuaCf9yZBHJeTSG6
Playboi Carti,Magnolia,1e1JKLEDKP7hEQzJfNAgPl
Logic,Take It Back,6HN5XPJEV31RQJGoyqZ81K
Playboi Carti,wokeuplikethis*,59J5nzL1KniFHnU120dQzt
Logic,America,77mLzdHEWRB60CLlV02TV2
Halsey,Eyes Closed,2WQn7Yvs728KZmmY6tgWqH
Logic,Hallelujah,7fRfIvHPH6bHdMDjPFwTMh
Logic,Ink Blot,732btJLGu7gYNHHNdzshrG
Galantis,Hunter,3caMfJGFp53NAH2TuigdNj
Miley Cyrus,Malibu,2habSXqcJGExM6JJyskY7O
Calvin Harris,Rollin,0lMbuWUpfTWhEmOKxppEau
Harry Styles,Carolina,3Dwq1oiOFys6Sxr5SslmXw
Imagine Dragons,Whatever It Takes,4IWAyPf1KMq7JCyGeCjTeH
Harry Styles,Meet Me in the Hallway,4u9Y4Z9i9VaAbBK7rW1Rha
Harry Styles,Two Ghosts,4B1rpPmQXwj78wk6aIGwwU
Harry Styles,Kiwi,33SNO8AaciGbNaQFkxvPrW
Harry Styles,Ever Since New York,5LABCxgmP7DATATIJXOh6n
Harry Styles,Woman,33bURv895AN4FkBvgFo2dx
Harry Styles,Only Angel,5Lbsc65org0b85kNsPkluY
Harry Styles,From the Dining Table,1IF5UcqRO42D12vYwceOY6
Nacho,Báilame,7lRsNbdOGykkMAgsqs4R1C
Selena Gomez,Bad Liar,1sCxVKWImDZSZKvG0U9B23
Paramore,Told You So,7BpYWzZwrsljT1eIjb0TqR
Liam Payne,Strip That Down,6EpRaXYhGOB3fj4V2uDkMJ
Camila Cabello,Crying in the Club,1SJtlNRJDeYHioymcvsqev
Katy Perry,Swish Swish,2kVHAQKVtczchKctctzbtK
Alan Walker,Tired,3b5Li4QKDVBx1x7fQuu54a
Robin Schulz,OK,3bWAqKDWg6u1davspr5IkS
Iggy Azalea,Switch,02LZ1fGJE8fB56yTlCVMEV
Travis Scott,Butterfly Effect,1yxgsra98r3qAtxqiGZPiX
Ofenbach,Be Mine,2KklXplRtxMsBYo474Es0w
Piso 21,Besándote,13X0XdLMOdtbXVtAj2ox4h
DJ Khaled,I'm the One,72Q0FQQo32KJloivv5xge2
David Guetta,2U (feat. Justin Bieber),3A7qX2QjDlPnazUsRk5y0M
Imagine Dragons,Thunder,56lBX2WHqfGuoeZxZvUnVj
Martin Garrix,There for You,6jA8HL9i4QGzsj6fjoxp8Y
Major Lazer,"Know No Better (feat. Travis Scott, Camila Cabello & Quavo)",3Ytr1SUCUi6J3L9dRFx5iH
Halsey,Now Or Never,7i2DJ88J7jQ8K7zqFX2fW8
Calvin Harris,Slide,6gpcs5eMhJwax4mIfKDYQk
Rita Ora,Your Song,4c2W3VKsOFoIg2SFaO6DY5
Imagine Dragons,Believer,6VRghJeP6I0w1KxkdWFfIh
Axwell /\ Ingrosso,More Than You Know,4q8PHoRsPUB52LFylX8Ulz
DJ Khaled,To the Max,3pC1ILr9KzmQLMe8Kn5QBG
Calvin Harris,Rollin,3FDrI0FLKzrYQiWxPhqV2W
Fifth Harmony,Down,7LEydI5NfjY6mZfKwYIptZ
Jax Jones,You Don't Know Me - Radio Edit,7M16mAuWuFA5rC9HvkXaGx
A Boogie Wit da Hoodie,Drowning (feat. Kodak Black),3LnOF5n1GOs01siYZXzS3p
Ariana Grande,One Last Time,7bJwvubZZaoGE1AGEfu8Fi
Lauv,I Like Me Better,1wjzFQodRWrPcQ0AnYnvQ9
Shawn Hook,Reminding Me,7DQXiMeLqiQsy1uqHSk0xc
Imagine Dragons,Whatever It Takes,4izg6Hydc6XGErWW6nbdsV
Halsey,Bad At Love,7y9iMe8SOB6z3NoHE2OfXl
J Balvin,Bonita,693iqPOQvhI7PobtR8CC8v
Future,Mask Off - Remix,6DB2KOEwHnjkgEnBt5SdeJ
Manuel Turizo,Una Lady Como Tú,7MHN1aCFtLXjownGhvEQlF
Bebe Rexha,The Way I Are (Dance With Somebody) [feat. Lil Wayne],6Pw3Gvw4wNMZfTYZa6IQal
blackbear,do re mi,6CUBgX8bXC5YQCkdgRHqyg
Taylor Swift,Shake It Off,0cqRj7pUJDkTCEsJkx8snD
2 Chainz,4 AM,02hNDxtMMTpq72rdp1lm6v
Taylor Swift,Blank Space,1u8c2t2Cy7UBoG4ArRcF5g
Felix Jaehn,Hot2Touch,1sBhJGPUKrdRycgKxve70v
Anitta,Paradinha,05rJdH2MRLJ3sQoEUO78qs
James Arthur,Can I Be Him,0VhgEqMTNZwYL1ARDLLNCX
ItaloBrothers,Summer Air,3GPI7hYiqD6enLRobhkBm8
Julia Michaels,Uh Huh,0ZExP2I5Ej92PsnG4G1jVG
Gucci Mane,Met Gala (feat. Offset),2XaInsPPUkZRkY4uFJ3AHK
Post Malone,Go Flex,5yuShbu70mtHXY0yLzCQLQ
Sigala,Came Here for Love,3kGfazcbVvVkuZunzlLgTD
Taylor Swift,Bad Blood,2NlmmAjGYrrjAp0MED5rGx
Taylor Swift,Wildest Dreams,4A4A6dwl5DqdqrZaEtKGPR
DJ Khaled,I'm the One,1jYiIOC5d6soxkJP81fxq2
DJ Khaled,Wild Thoughts,1OAh8uOEOvTDqkKFsKksCi
Calvin Harris,Feels,6BaCraQ9xeLYg4Sb9TBT2X
2 Chainz,4 AM,1nX9KhK3Fff27SnrIor2Yb
Lorde,Homemade Dynamite,12o6dxWGk29uIAP3OWY0pM
Lorde,Perfect Places,7ARveOiD31w2Nq0n5FsSf8
Lorde,Sober,2mNbgyi0gori4b1rFSPgIb
Shawn Hook,Reminding Me,4gqMQftUs22F8pOGVn5Acr
Lorde,Supercut,0dyiHoYbYjYaOEXLpmzQZG
Lorde,The Louvre,5q4BpnMrYEFzLO0dYODj6J
2 Chainz,It's A Vibe,6H0AwSQ20mo62jGlPGB8S6
Imagine Dragons,Walking The Wire,1AJQ97yAt6xfeF7nQaE1t8
Lorde,Hard Feelings/Loveless,1Dp7JGFNjvg8Nk0CtMCcnr
Lorde,Writer In The Dark,193Dm5SqYy3hTSbuzxbwKc
SZA,Love Galore,0q75NwOoFiARAVp4EXU4Bs
Lorde,Sober II (Melodrama),54ucfuN596MU25jQD3KjCL
Little Mix,Power (feat. Stormzy),4BJ5T8ZZZ3UrPG7k0OVQrp
2 Chainz,Good Drank,39pS70eeDvyCAF3t8NAlVV
Young Thug,Relationship (feat. Future),25oOaleife6E2MIKmFkPvg
Calvin Harris,Feels,5bcTCxgc7xVfSaMV3RuVke
Drake,Signs,6Na5uKk5SsqZimk0hAWo8y
DJ Khaled,Don't Quit,6LOCAhFzZiavHcLJucLuDy
Imagine Dragons,I Don’t Know Why,15dnkAHcHC0vrIUlbiPiqU
Imagine Dragons,Walking The Wire,6jmngk8Fwup05JZ6kgXEGX
Metro Boomin,No Complaints,6kig1UFggPUyZBCvXD3Wod
Imagine Dragons,I’ll Make It Up To You,54h8xHewdRPnYzmbEHBhOO
Imagine Dragons,Rise Up,7vAXN57IQ0sj049wZGIboE
Khalid,Young Dumb & Broke,5Z3GHaZ6ec9bsiI5BenrbY
Lorde,Perfect Places,1wC93sZRGcTgKLN2UWRSwW
blackbear,do re mi,2MX30RliaxJDgmQ3C3rrJX
Imagine Dragons,Start Over,4J2RaG4UH2HCThcqzDpeAF
Moon Taxi,Two High,3sJHkcxojoJD2Ytbo1yLLF
BLACKPINK,As If It's Your Last,7LJjWqhqK594nN7qJzLVXE
DJ Khaled,Shining,7Fa5UNizycSms5jP3SQD3F
J Balvin,Mi Gente,2rb5MvYT7ZIxbKW5hfcHx8
Calvin Harris,Cash Out,0Ws8D3EWUDgY962Xftb0h5
DJ Khaled,Don't Quit,4vv1KjUzPwrtDbozizSfQc
Calvin Harris,Prayers Up,4KaIJ1FWXUoAAnOts1YWjD
Calvin Harris,Faking It,0pJPdSVti6cTM1Q6xYGmcf
Calvin Harris,Skrt On Me,7iDxZ5Cd0Yg08d4fI5WVtG
"Tyler, The Creator",911 / Mr. Lonely,1pGAvZo2axYXAXYiSeYEqY
"Tyler, The Creator",Who Dat Boy,1a0wEEHipnBR7WOHFA6ucQ
J Balvin,Si Tu Novio Te Deja Sola,0RFFFGtPn6a58RHY3ccVYX
Julia Michaels,Uh Huh,1eVRnmGhDPATPxz6kqWuCP
Thomas Rhett,Craving You,6zLdXcmvIxnAXpz9sXFnIE
French Montana,Unforgettable,3B54sVLJ402zGa6Xm4YGNe
Jonas Blue,Mama,0NiXXAI876aGImAd6rTj8w
Drake,Signs,5EnYT6F7wEcdege6mDHEfO
Kesha,Praying,79NlESqzFSW0hdBWgls4FX
Zedd,Get Low (with Liam Payne),1CKd1PnqfYx0H12V9MSaIY
21 Savage,Bank Account,5eqK0tbzUPo2SoeZsov04s
21 Savage,Numb,0G149jkGWKwrPXUGkEDgWM
Demi Lovato,Sorry Not Sorry,25C5CowdsfXld2jJanbiex
Macklemore,Glorious (feat. Skylar Grey),3HVr6jTVwBHBa2flM0eURR
Dua Lipa,New Rules,2ekn2ttSfGqwhhate0LSR0
21 Savage,Famous,19HA9J80qZfIkAnp2g8N2S
Jennifer Lopez,Ni Tú Ni Yo,5xMzazov0IHYllrc8U2K6F
Jonas Blue,Perfect Strangers,5bZtRlMBU76vHuDOb1GM5u
,,3RXkboS74UYzN14xTqzPyY
,,4JAyIDXOqNM6qHuZML01uX
,,3eFJqPe8VUYrABbFjSauuj
,,3bVbQvGVIe4n24AzyXovXh
French Montana,A Lie,1vVNlXi8gf8tZ7OhnEs4VE
Coldplay,Miracles (Someone Special),6uJwPeBGb3swi85TSr9iIz
OneRepublic,Rich Love (with Seeb),7aF09WaavZAmAWuUeYxlYD
Portugal. The Man,Feel It Still,6QgjcU0zLnzq5OrUoSZ3OK
Lana Del Rey,Summer Bummer (feat. A$AP Rocky & Playboi Carti),5JwLhFNrXw49pn3HQqu02G
LANY,Super Far,74ODGXs4byLTRdnKGM4s6E
Jax Jones,Instruction (feat. Demi Lovato & Stefflon Don),6yf3MxEOScNBTYCHOAIiNQ
Kesha,Woman,5wIeuNURiubue1VTcglU57
Selena Gomez,Fetish (feat. Gucci Mane),0XLOf9LhyazPX9Ld8jPiUq
Linkin Park,In The End,60a0Rd6pjrkxjPbaKzXjfq
Linkin Park,Numb,2nLtzopw4rPReszdYBJU6h
Louis Tomlinson,Back to You (feat. Bebe Rexha & Digital Farm Animals),7F9vK8hNFMml4GtHsaXui6
Linkin Park,What I've Done,4kfm1uI9QGaoN9qm6CkAMn
JAY Z,Numb / Encore,5sNESr6pQfIhL3krM8CtZn
Linkin Park,One More Light,3xXBsjrbG1xQIm1xv1cKOt
Lana Del Rey,Summer Bummer (feat. A$AP Rocky & Playboi Carti),5QqyRUZeBE04yJxsD1OC0I
Linkin Park,One Step Closer,3K4HG9evC7dg3N0R9cYqk4
Lana Del Rey,Lust For Life (with The Weeknd),4L7Y2OAPiY2I2GndZjAs5K
Linkin Park,Good Goodbye (feat. Pusha T and Stormzy),650OeHTLxZAQmb4aEbGmaA
"Tyler, The Creator",Who Dat Boy,21yRtB6B8EMounImAfHRCP
Linkin Park,Crawling,57BrRMwf9LrcmuOsyGilwr
Linkin Park,Battle Symphony,3FQCJI2t5LTbsRPfYVBSVB
Lana Del Rey,13 Beaches,4mq14Qa6OehdiyZFtHcdCH
Linkin Park,Bleed It Out,3qmvK8QARSPkFTuKeIXSbs
Lana Del Rey,Love,4xyNG8vZR3g8FnphVkbjRo
Linkin Park,Somewhere I Belong,3agtg0x11wPvLIWkYR39nZ
Linkin Park,Talking to Myself,7nAfXgeHfDO50upcOjJOaq
Linkin Park,Faint,4Yf5bqU3NK4kNOypcrLYwU
"Tyler, The Creator",See You Again,7KA4W4McWYRpgf0fWsJZWB
Lana Del Rey,Cherry,6eGMMPRVYzpssGgednRvzU
Linkin Park,Papercut,1Vej0qeQ3ioKwpI6FUbRv1
Lana Del Rey,Groupie Love (feat. A$AP Rocky),03hqMhmCZiNKMSPmVabPLP
Romeo Santos,Imitadora,6r46lnXFbE9fr2d3KNaGbe
Cash Cash,All My Love (feat. Conor Maynard),1839RWzPRZCVgvamu4sHSN
"Tyler, The Creator",911 / Mr. Lonely,4bEcoz1OcfMgUbp2ft8ieQ
Linkin Park,Leave Out All The Rest,1yFiaFeSLpw4nDYTeErRZ6
Jax Jones,Instruction (feat. Demi Lovato & Stefflon Don),0XfOi87h82i09rQjWYG0Bm
Linkin Park,BURN IT DOWN,7oVEtyuv9NBmnytsCIsY5I
Linkin Park,Breaking The Habit,6n8TMVyFKoUmDc4apxceRD
Lana Del Rey,White Mustang,2Pn76oik9rWyoBShTSNY9Q
"Tyler, The Creator",Boredom,5WNYg3usc6H8N3MBEp4zVk
187 Strassenbande,Millionär,6mw02h3qbWmuq2bJCRjRAe
Linkin Park,Nobody Can Save Me,3dJj6o9o1fRgrojWjailuz
Lana Del Rey,Beautiful People Beautiful Problems (feat. Stevie Nicks),3O7p9Itz8PXUoAjD2vmuM6
Axwell /\ Ingrosso,More Than You Know,3PEgB3fkiojxms35ntsTgs
Julia Michaels,Issues,6D0b04NJIKfEMg040WioJQ
Major Lazer,Sua Cara (feat. Anitta & Pabllo Vittar),3ibRxEv4KkcU9e259eyNJA
Skrillex,Would You Ever,57p8CBvPOxrvyCbn6ttl5r
Charli XCX,Boys,5o4yGlG0PfeVUa6ClIyOxq
Becky G,Mayores,7JNh1cfm0eXjqFVOzKLyau
Cardi B,Bodak Yellow,2771LMNxwf62FTAdpJMQfM
Dimitri Vegas & Like Mike,Complicated (feat. Kiiara),1Sl3njkhhz8nrSPZroDQ82
Romeo Santos,Bella y Sensual,0ERbK7qVqveCaBWIiYCrl3
Yo Gotti,Rake It Up,6c7D34787LOtPm8tzhsLgH
Sabrina Carpenter,Why,2jYmK1cb3Uya6FFsocdpzO
Kesha,Learn To Let Go,3JKhmIlixlYwFLzrkc6drb
Maite Perroni,Loca (feat. Cali Y El Dandee),05ZXXyeZFhZtA6DAP3Aw7x
Rudimental,Sun Comes Up,6SUocL0caib4mLHe8ZrZzi
Julia Michaels,Issues,0xG0SHshCStMEyNbNC5d4k
Rae Sremmurd,Perplexing Pegasus,2nYwV62UABTH0NanrwVIdQ
Camila Cabello,Havana,0ofbQMrRDsUaVKq2mGLEAb
Camila Cabello,OMG,4xBjsLUSjcx2h7PcRikpQp
The Weeknd,Reminder - Remix,7F1LWA9sIlTorHUo4amGqk
Carlos Vives,Robarte un Beso,4z3GJkrtH97Bj6fRta983T
Macklemore,Marmalade (feat. Lil Yachty),0RYXEibxMami3QuT8kn4Iz
blackbear,do re mi (feat. Gucci Mane),53mrVsi49rLHIaKBiSvElG
Abraham Mateo,Loco Enamorado,4N1c5rmWOzRmB9SMacr5wB
Karol G,Ahora Me Llama,61HHDBLqF3AmSvLfHKNGd2
Avicii,Without You (feat. Sandro Cavazza),6WbADFqMvR8N5u0BvtsWQE
Kesha,Praying,0jdny0dhgjUwoIp5GkqEaA
Marshmello,Silence,7vGuf3Y35N4wmASOKLUVVU
Avicii,Lonely Together (feat. Rita Ora),2OALaHcDdKkjYEpAr0Qzab
P!nk,What About Us,31MkGwj0SWgZaTvEt5Hgxv
Farruko,Krippy Kush,3rgjBiAMVGnxmsTDmUy8vb
Avicii,You Be Love (feat. Billy Raffoul),12ip0ceCeszDTDFxDY1AXJ
Fifth Harmony,Angel,09KlDlkOYuC5x6hOaM7vaP
Avicii,Friend Of Mine (feat. Vargas & Lagola),5WEqjIUHkwZ5h3DSE7F9bM
DJ Jonathan,El Farsante,66gNNRsKkmECPQUrvpMQtS
Ozuna,Bebe (feat. Anuel AA),6SIrNxmmdbv1KUbFBu1PaN
Avicii,What Would I Change It To (feat. AlunaGeorge),6mzTuMlbCgEtoCitsszlqP
Justin Bieber,Friends (with BloodPop®),7nZmah2llfvLDiUjm0kiyz
Chris Brown,Questions,5XQMr19TL7Mfksq9zihbOu
Gucci Mane,I Get The Bag (feat. Migos),1HTtUBEY3tuw2btgwwI2Ja
CNCO,Reggaetón Lento (Remix) [CNCO & Little Mix],3zoYkqS4y2BsGVShPL2nTE
Miley Cyrus,Younger Now,0B48113ZG9UfkWWt7qD9xX
Nacho,Báilame - Remix,3VClLWqNn80Llv0PJOsKgr
Thomas Rhett,Unforgettable,0ZiRSqlSsDlY0UyDYU9CTE
Ozuna,El Farsante,2LW4Zu7FcrwjWm3t5Rv3Oq
Kodak Black,Roll In Peace (feat. XXXTENTACION),40oKW22ZNNkEdZLJTScaQI
Taylor Swift,Look What You Made Me Do,6uFsE1JgZ20EXyU0JQZbUR
Lil Uzi Vert,XO TOUR Llif3,7GX5flRQZVHRAGd6B4TmDO
XXXTENTACION,Jocelyn Flores,7m9OqQk4RVRkw9JJdeAw96
XXXTENTACION,Fuck Love (feat. Trippie Redd),7AQim7LbvFVZJE3O8TYgf2
XXXTENTACION,Everybody Dies In Their Nightmares,3GVkPk8mqxz0itaAriG1L7
Lil Uzi Vert,The Way Life Goes (feat. Oh Wonder),2eAZfqOm4EnOF9VvN50Tyc
XXXTENTACION,Revenge,5TXDeTFVRVY7Cvt0Dw4vWW
Fifth Harmony,Down,20H2Hd5AkUcRjB4yL3UQtJ
Ozuna,Tú Foto,5zSOVwaY3sVjnmLhuEfsuf
XXXTENTACION,Depression & Obsession,2H3wWrnO758y0fPH7Ilerg
Lil Uzi Vert,Sauce It Up,1uL78kFWxhz3umTMWJu8n5
Lil Uzi Vert,444+222,1QgTBfRN5m81a5K01qens6
XXXTENTACION,Carry On,2yZax79pOrYuyIFVW2cZY2
XXXTENTACION,Save Me,2UwbhMie1EAYuTZ0QXeMwl
Lil Uzi Vert,X,5tRmoZRoupvMYPV1oezFrH
XXXTENTACION,Orlando,05bnEv2dpFzmGVLGdjD9UP
Fifth Harmony,He Like That,0m2orA1i5lLZUOt9XLwSd0
XXXTENTACION,Dead Inside (Interlude),2vQwlW8H1jFveGNXwZfJCV
Lil Uzi Vert,UnFazed (feat. The Weeknd),5O8x1YlmLQopQHErxtDfi9
Lil Uzi Vert,Two®,65kp3OFn7JXbCvkm3m2Ui2
Ozuna,El Farsante,5EId1m4DNwTf3at31w8bPJ
Demi Lovato,Tell Me You Love Me,65MOTX6uSFAnqXl7dlAuId
Ozuna,Se Preparó,1m69ELEgE6k5ZWsap40ozt
Lil Uzi Vert,For Real,3tcoEYOZUHKB3RKNByIN13
Lil Uzi Vert,Neon Guts (feat. Pharrell Williams),1MJErNPIQUoEMu4YUUmecm
Hailee Steinfeld,Starving,6875MeXyCW0wLyT72Eetmo
Lil Uzi Vert,No Sleep Leak,0QV16pno66L6K3fn4W13b7
XXXTENTACION,Ayala (Outro),5xbrhx2tMMcN68IT3cJbhS
Moon Taxi,Two High,0Z9HQ8YvHqdeOjTwsR3cS7
Lil Uzi Vert,Dark Queen,2ZdCrBA52bb4pIG3tOOZiQ
Alex Sensation,Que Va,7ofxPmTNMj2GP07g1VZa0O
Astrid S,Think Before I Talk,0Clb9aiXWa0dvVff5aN4VN
Lil Uzi Vert,Feelings Mutual,5Y3Tj0wJhKAaPbwWxXxZGS
Thirty Seconds To Mars,Walk On Water,4U9arGcc4ATa7shChhLQP0
XXXTENTACION,The Explanation,0VJYhKhrHgJ7fgjGaC2k07
Taylor Swift,...Ready For It?,7zgqtptZvhf8GEmdsM2vp2
Maroon 5,What Lovers Do (feat. SZA),4mxWSdf71VFO52qFeY0fZt
Jason Derulo,If I'm Lucky,6eUncuJutsFi9BGO1JaBHh
The Script,Rain,2QWP8NYYplOqEFBYGCcq0S
Tay-K,The Race,5RCfvwDewu6p2x1mEI6smX
Yandel,Explícale,48yAM9xWBwT4Ac9G1y20rw
Sam Smith,Too Good At Goodbyes - Edit,0mel2N9Ws9r4yLQn5QE21Y
ZAYN,Dusk Till Dawn - Radio Edit,1j4kHkkpqZRBwE0A4CN4Yv
Taylor Swift,...Ready For It?,19WjVVgXjdKXfLXoaDPwTM
Hailee Steinfeld,"Let Me Go (with Alesso, Florida Georgia Line & watt)",5Gu0PDLN4YJeW75PpBSg9p
Thomas Rhett,Unforgettable,30MM5jWpUmOxtTNd9Ey5LZ
Yandel,Explícale,1LszjjoVwDDZcWUQbzeDLG
ItaloBrothers,Summer Air,0V9cosR5jWa4fr2koARmhD
Lil Pump,Gucci Gang,6foxplXS0YEq8cO374Lty4
G-Eazy,No Limit,2Xqd0wUttjueBfdcltADOv
Kodak Black,Transportin',1WIZiOuNO3woKfdlSK2gNn
Sam Smith,I'm Not The Only One,0fioLzGM8ngbD1w6fMmm45
Post Malone,rockstar,1OmcAT5Y8eg5bUPv9qJT4R
Niall Horan,Too Much To Ask,3hRZsdTF5uyGA2uhNqEuhm
Hailee Steinfeld,"Let Me Go (with Alesso, Florida Georgia Line & watt)",5AEtlRudpgdT5FtNiuly6Y
Lorde,"Homemade Dynamite (Feat. Khalid, Post Malone & SZA) - REMIX",7rdUtXasA973gmrr2Xxh3E
BTS,DNA,5SE57ljOIUJ1ybL9U6CuBH
Gucci Mane,Curve (feat. The Weeknd),1tp1xMJ1uaOktksskS0Fzs
Farruko,Krippy Kush,7FfpP3YZ6fOWMdxkIAtud9
Bebe Rexha,Meant to Be (feat. Florida Georgia Line),7iDa6hUg2VgEL1o1HjmfBn
Natti Natasha,Criminal,2SmgFAhQkQCQPyBiBxR6Te
Joey Montana,Suena El Dembow,5TysCiZtv1HnSWcTcUFusI
BTS,Best Of Me,2tdq0CeAGSfhI2l4Gwkvgx
Jesse & Joy,3 A.M.,0yyZN5ASdrYu0XYWFzfxUu
Yandel,Como Antes,5YzA563GXTuwQaRq24z1k5
A$AP Ferg,Plain Jane,4dVpf9jZjcORqGTLUaeYj9
BTS,dimple,3ryjLm3oupIjJFGc39naNi
Post Malone,Candy Paint,4wdZdkEugVVorAfzqRqC6N
Macklemore,Glorious (feat. Skylar Grey),0CokSRCu5hZgPxcZBaEzVE
21 Savage,Bank Account,2fQrGHiQOvpL9UgPvtYy6G
Kygo,Stargazing,0Zbbxnx4SGGHoIow4PpISP
Macklemore,Good Old Days (feat. Kesha),2Za1AlJNvksouPPWbXpR2X
DJ Snake,A Different Way (with Lauv),0Wv5wuenRLI3BcwgT3HPIP
Post Malone,I Fall Apart,75ZvA4QfFiZvzhj2xkaWAh
BTS,Go Go,5nq1uTNIR1cBR72T87viS0
Macklemore,Marmalade (feat. Lil Yachty),7bsnTsbiwOymZWjPF9v6Di
BTS,MIC Drop,2SYa5Lx1uoCvyDIW4oee9b
Alan Walker,The Spectre,2DGa7iaidT5s0qnINlwMjJ
Fall Out Boy,The Last Of The Real Ones,7cQMJ0wDqVS5iM0JIvP6Ay
Demi Lovato,Sorry Not Sorry,3m660poUr1chesgkkjQM7P
J Balvin,Mi Gente (feat. Beyoncé),7fwXWKdDNI5IutOMc5OKYw
Lorde,"Homemade Dynamite (Feat. Khalid, Post Malone & SZA) - REMIX",69Naniu2KjKjaQOBUagE8U
A Boogie Wit da Hoodie,Drowning (feat. Kodak Black),1f5cbQtDrykjarZVrShaDI
Miley Cyrus,Malibu,1UZOjK1BwmwWU14Erba9CZ
XXXTENTACION,Look At Me!,7floNISpH8VF4z4459Qo18
Jax Jones,Instruction,2ytH5wDuqhgLTiDVYioteq
R3HAB,I Just Can't,3gfmFoJgmn9LiIj5mV8oSS
Miley Cyrus,Younger Now,2fGxYYMQbVqgIdaqfz2OwA
Tom Petty,Free Fallin',5tVA6TkbaAH9QMITTQRrNv
Post Malone,rockstar,7wGoVu4Dady5GV0Sv4UIsx
Lil Pump,Gucci Gang,43ZyHQITOjhciSUUNPVRHc
Charlie Puth,How Long,32DGGj6KlNuBr6WaqRxpxi
Sam Smith,Pray,0D8ZpOXVjapLXrjz5VfZSD
NF,Let You Down,52okn5MNA47tk87PeZJLEL
Maroon 5,Help Me Out (with Julia Michaels),2uSLx5uwRIhiA3sJJraNqX
Shakira,Perro Fiel,70lnL3QaSOIIyMa2X9aVRL
Lauv,Easy Love,2ZE3DJuizYTad2S4CvRRhK
Daddy Yankee,Vuelve,0lJCqIx5BhZtf6QtYI2fbv
Kane Brown,What Ifs,7zVCrzzEJU7u24sbJPXA5W
Lil Pump,Boss,1rsAFUCa6BVMgRQ3FCQQsi
Big Shaq,Man's Not Hot,2nUJvBO87SkxCViQsLc9Zr
Rich The Kid,New Freezer (feat. Kendrick Lamar),4pYZLpX23Vx8rwDpJCpPTA
P!nk,What About Us,0Qh38w01QRXK6KHIv0e3hb
NF,Let You Down,6mrKP2jyIQmM0rw6fQryjr
Gucci Mane,I Get The Bag (feat. Migos),1XRgIKC5TPwo7nWGyKqgG0
Bausa,Was Du Liebe nennst,4hKWUzhQWsOkgT6LnDEASe
Alesso,Is That For Me,2KwojFDebQV4J2b0JMRR5Q
P!nk,Revenge,3OEer2dQj1eWhSqxatGiru
Gucci Mane,Curve (feat. The Weeknd),2yuyaYAELoMG4ApV5wJsWR
Eminem,Lose Yourself - Soundtrack Version,7w9bgPAmPTtrkt2v16QWvQ
Cheat Codes,Feels Great (feat. Fetty Wap & CVBZ),5uu28fUesZMl89lf9CLrgN
P!nk,Beautiful Trauma,2DlIwu1iDTILEMXA7MUotn
Noah Cyrus,Again,2S2od3hT7ceytw7d1pTRuE
Chris Brown,High End,2XdgSB4TtzUHQYCMfSHbFI
Taylor Swift,Gorgeous,5Gd19NupVe5X8bAqxf9Iaz
Niall Horan,Too Much To Ask,4v094LQ9eF10k2O2Te2ngK
Niall Horan,Slow Hands,38yBBH2jacvDxrznF7h08J
Kygo,Kids in Love,2UxfcZJCphbEkfbZ6nLiDx
Liam Payne,Bedroom Floor,1pZdegOXTZ2ftINo3oUuRZ
Future,Patek Water,7r6LNJT2LqpLpEyZQJPygt
Post Malone,Candy Paint,42CeaId2XNlxugDvyqHfDf
Future,Feed Me Dope,3lyeSiAIdLoZUHhV8psOTI
Niall Horan,This Town,3UwT4FadEGWyMdaSwYcUBY
Rita Ora,Anywhere,7EI6Iki24tBHAMxtb4xQN2
Daya,New,4tERsdVCLtLtrGdFBf9DGC
Selena Gomez,Wolves,7EmGUiUaOSGDnUUQUDrOXC
Maroon 5,Whiskey (feat. A$AP Rocky),4OEOEsOhlzDqQuewiuPJAc
Niall Horan,On The Loose,4kVo85bcmBkvMBcJl42XCA
Future,No Cap,06Gyf2pFDVmN5K8XAawG96
Migos,MotorSport,1YZfcVLbbJwfizR5cDOp3q
Chris Brown,Questions,3ojTJaonfkL96iIWa47SU3
Clean Bandit,I Miss You (feat. Julia Michaels),2xmrfQpmS2iJExTlklLoAL
21 Savage,Ghostface Killers,5u6vkDnOyaf8LsteDAj2ub
Alan Walker,All Falls Down,5yFSF6qQA1rcLsQRnBsZgb
Yo Gotti,Rake It Up,4knL4iPxPOZjQzTUlELGSY
Daya,New,7y4JznkAv2W3IKw9T1o2VK
Michael Jackson,Thriller,3S2R0EVwBSAVMd5UMgKTL0
Sam Smith,Burning,7FzhZ7C3NhM1UyqSHV9ytY
Offset,Ric Flair Drip,7sO5G9EABYOXQKNPNiE9NR
Sebastian Yatra,SUTRA,5TmZYdHW6HJ9gt7Aokuql5
Chris Brown,Pills & Automobiles,5gx2E5aIXMRBellPZW1up5
Karol G,Ahora Me Llama,11ZRYISCsAsLyyJo47DudZ
21 Savage,Rap Saved Me,0tdCy39PgWN8LFWu34ORn3
