Artist ID,Artist Name,Popularity
3TVXtAsR1Inumwj472S9r4,Drake,99
246dkjvS1zLTtiykXe5h60,Post Malone,100
1URnnhqYAYcrqrcwql10ft,21 Savage,98
4O15NlyKLIASxsJ0PrXPfz,Lil Uzi Vert,96
6LuN9FCkKOj5PcnpouEgny,Khalid,99
1RyvyyTE3xzB2ZywiAwp0i,Future,96
2YZyLoL8N0Wb9xBt1NhZWg,Kendrick Lamar,96
0Y5tJX1MQlPlqiwlOH1tJY,Travis Scott,95
13y7CgLHjMVRMDqxdx0Xdo,Gucci Mane,94
7bXgB6jMjp9ATFy66eO08Z,Chris Brown,96
50co4Is1HCEo8bhOyUWKpn,Young Thug,96
6oMuImdp5ZcFhWP0ESe6mG,Migos,94
46SHBwWsqBkxI7EeeBEQG7,Kodak Black,92
1Xyo4u8uXC1ZmMpatF05PJ,The Weeknd,95
0iEtIxbK0KxaSlF7G42ZOp,Metro Boomin,92
2wY79sveU1sp5g7SokKOiI,Sam Smith,97
55Aa2cqylxrFIXC767Z865,Lil Wayne,93
0hCNtLu0JehylgoiP8L4Gh,Nicki Minaj,95
7c0XG5cIJTrrAgEC3ULPiq,Ty Dolla $ign,95
15UsOTVnJzReFVN1VCnxy4,XXXTENTACION,94
6eUKZXaKkcviH0Ku9w2n3V,Ed Sheeran,99
5K4W6rqBFWDnAN6FQUkS6x,Kanye West,93
7dGJo4pcD2V6oG8kP0tJRR,Eminem,96
06HL4z0CvFAxyc27GXpf02,Taylor Swift,95
13ubrt8QOOCPljQ2FL1Kca,A$AP Rocky,92
0VRj0yCOv2FXJNP47XQnx5,Quavo,94
4DdkRBBYG6Yk9Ka8tdJ9BW,Offset,91
5pKCCKE2ajJHZ9KAiaK11H,Rihanna,95
1uNFoZAHBGtllmzznpCI3s,Justin Bieber,97
17lzZA2AlOHwCwFALHttmp,2 Chainz,90
3wyVrVrFCkukjdVIdirGVY,Lil Pump,92
4xRYI6VqpkE3UwrDrAZL8L,Logic,92
31W5EY0aAly4Qieq6OFu6I,A Boogie Wit da Hoodie,89
0c173mlxpT3dSFRgMO8XPh,Big Sean,92
02kJSzxNuaWGqwubyUba0Z,G-Eazy,91
7tYKF4w9nC0nq9CsPZTHyP,SZA,93
137W8MRPWKqSmrBGDBFSop,Wiz Khalifa,91
1i8SpTcr7yvPOmcqrbnVXY,Ozuna,98
04gDigrS5kc9YWfZHwBETP,Maroon 5,95
53XhwfbYqKCa1cC15pYq2q,Imagine Dragons,94
4kYSro6naA4h99UJvo89HB,Cardi B,90
6icQOAFXDZKsumw3YXyusw,Lil Yachty,89
3b8QkneNDz4JHKKKlLgYZg,Florida Georgia Line,90
1z7b1Pr1rSlvWRzsW3HOrS,Russ,88
6S2OmqARrzebs0tKUEyXyp,Demi Lovato,93
6l3HvQ5sa6mXTsMTB19rO5,J. Cole,89
26VFTg2z8YR0cCuwLzESi2,Halsey,90
2cFrymmkijnjDg9SS92EPM,blackbear,88
4q3ewBCX7sLwd24euuV69X,Bad Bunny,98
6vWDO969PvNqNYHIOW5v0m,Beyoncé,93
1vyhD5VmyZ7KMfW5gqLgo5,J Balvin,97
4nDoRrQiYLoBzwC5BhVJzF,Camila Cabello,94
5dHt1vcEm9qb8fCyLcB3HL,A$AP Ferg,87
21WS9wngs9AqFckK7yYJPM,PnB Rock,86
6vXTefBL93Dj5IqAWq6OTv,French Montana,92
0du5cEVh5yTK9QJze8zA0C,Bruno Mars,92
6fOMl44jA4Sp5b9PpYCkzz,NF,90
1anyVhU62p31KFi8MEzkbf,Chance The Rapper,88
7rkW85dBwwrJtlHRDkJDAC,NAV,87
64KEffDW9EtZ1y2vBYgq8T,Marshmello,93
0C8ZW7ezQVs4URX5aX7Kqx,Selena Gomez,93
2h93pZq0e7k5yf4dywlkpM,Frank Ocean,88
2EMAnMvWE2eb56ToJVfCWs,Bryson Tiller,88
6Xgp2XMz1fhVYe7i6yNAax,Trippie Redd,86
2wUjUUtkb5lvLKcGKsKqsR,Alessia Cara,90
699OTQXzgjhIYAHMy9RyPD,Playboi Carti,86
4VMYDCV2IEDYJArk749S6m,Daddy Yankee,95
66CXWjxzNUsdJxJ2JdwvnR,Ariana Grande,91
6Ha4aES39QiVjR0L2lwuwq,Yo Gotti,85
3Nrfpe0tUJi4K4DXYWgMUX,BTS,90
64M6ah0SkkRsnPGtGiRAbb,Bebe Rexha,91
6x2LnllRG5uGarZMsD4iO8,Thomas Rhett,84
23fqKkggKUBHNkbKtXEls4,Kygo,93
5ZS223C6JyBfXasXxrRqOk,Jhene Aiko,85
5WUlDfRSoLAfcVSX1WnrxN,Sia,94
6XyY86QOPPrYVGvF9ch6wz,Linkin Park,91
7iZtZyCzp3LItcw1wtPI3D,Rae Sremmurd,86
69GGBxA162lTqCwzJG5jLp,The Chainsmokers,91
20JZFwl6HVl6yg8a4H3ZqK,Panic! At The Disco,85
6VuMaDnrHyPL1p4EHjYLi7,Charlie Puth,92
2iojnBLj0qIMiKPvVhLnsH,Trey Songz,85
1gPhS1zisyXr5dHTYZyiMe,Kevin Gates,83
4gzpq5DPGxSnKTe4SA8HAU,Coldplay,93
3YQKmKGau1PzlVlkL1iodx,Twenty One Pilots,88
3WrFJ7ztbogyGnTHbHJFl2,The Beatles,89
4UXqAaa6dQYAk18Lv7PEgX,Fall Out Boy,87
7n2wHs1TKAczGzO7Dd2rGr,Shawn Mendes,91
5p7f24Rk5HkUZsaS3BLG5F,Hailee Steinfeld,89
73sIBHcqh3Z3NyqHKZ7FOL,Childish Gambino,85
3KV3p5EY4AvKxOlhGHORLg,Jeremih,85
7CajNmpbOovFoOoasH2HaY,Calvin Harris,91
360IAlyVv4PCEVjgyMZrxK,Miguel,85
20sxb77xiYeusSH8cVdatc,Meek Mill,84
6M2wZ9GZgrQXHCFfjv46we,Dua Lipa,93
4V8LLVI7PbaPR0K2TGSxFF,"Tyler, The Creator",84
6LqNN22kT3074XbTVUrhzX,Kesha,87
0BvkDsjIUla7X0k6CSWh1I,Luke Bryan,82
5ZsFI1h6hIdQRw2ti0hz81,ZAYN,91
1sBkRIssrMs1AbVkOJbc7a,Rick Ross,84
0QHgL1lAIqAw0HtD7YldmP,DJ Khaled,87
5cIc3SBFuBLVxJz58W2tU9,Oh Wonder,84
00FQb4jTyendYWaN8pK0wa,Lana Del Rey,88
0cGUm45nv7Z6M6qdXYQGTX,Kehlani,85
1KCSPY1glIKqW2TotWuXOR,P!nk,90
329e4yvIujISKGKz1BZZbO,Farruko,91
163tK9Wjr9P9DmM0AVK7lm,Lorde,87
1Hsdzj7Dlq2I7tHP7501T4,Niall Horan,89
26AHtbjWKiwYzsoGoUZq53,Pentatonix,83
6PXS4YHDkKvl1wkIl4V8DL,Fetty Wap,86
7wlFDEWiM5OoIAt8RSli8b,YoungBoy Never Broke Again,81
3nFkdlSjzX9mRTtwJOzDYB,JAY Z,86
4IVAbR2w4JJNJDDRFP3E83,6LACK,83
3aQeKQSyrW4qWr35idm0cy,T-Pain,84
3JhNCzhSMTxs9WLGJJxWOY,Macklemore,89
23zg3TcAtWQy7J6upgbUnj,Usher,85
1SupJlEpv7RS2tPNRaHViT,Nicky Jam,92
0hEurMDQu99nJRq8pTxO14,John Mayer,86
5JZ7CnR6gTvEMKX4g70Amv,Lauv,89
7hJcb9fa4alzcOq3EaNPoG,Snoop Dogg,87
6jJ0s89eD6GaHleKKya26X,Katy Perry,90
5IcR3N7QB1j6KBL8eImZ8m,ScHoolboy Q,83
2HPaUgqeutzr3jx5a9WyDV,PARTYNEXTDOOR,84
1GxkXlMwML1oSg5eLPiAz3,Michael Bublé,86
5he5w2lnU9x7JFhnwcekXX,Skrillex,87
4aXXDj9aZnlshx7mzj3W1N,Lin-Manuel Miranda,82
3UUJfRbrA2nTbcg4i0MOwu,Original Broadway Cast of Hamilton,81
5YGY8feqx7naU7z4HrwZM6,Miley Cyrus,86
0L8ExT028jH3ddEcZwqJJ5,Red Hot Chili Peppers,88
2RdwBSPQiwcmiDo9kixcl8,Pharrell Williams,88
4OBJLual30L7gRl5UkeRcT,T.I.,83
2kucQ9jQwuD8jWdtR9Ef38,Sam Hunt,81
1Mxqyy3pSjf8kZZL4QVxS0,Frank Sinatra,84
1zNqQNIdeOUZHb8zbZRFMX,Swae Lee,86
4AK6F7OLvEQ5QYCBNiQWHq,One Direction,87
4dpARuHxo51G3z768sgnrY,Adele,88
3HiuzBlSW7pGDXlSFMhO2g,Young Dolph,80
07YZf4WDAMNwqr4jfgOZ8y,Jason Derulo,89
2jku7tDXc6XoB6MO2hFuqg,Tory Lanez,83
1HY2Jd0NmPuamShAr6KMms,Lady Gaga,87
7DMveApC7UnC2NPfPvlHSU,Cheat Codes,89
0fA0VVWsXO9YnASrzqfmYu,Kid Cudi,82
3fMbdgg4jU18AjLCKBhRSm,Michael Jackson,87
3FfvYsEGaIb52QPXhg4DcH,Jason Aldean,79
4kI8Ie27vjvonwaB2ePh8T,Portugal. The Man,86
0TnOYISbd1XYRBk9myaseg,Pitbull,88
3oSJ7TBVCWMDMiYjXNiCKE,Kane Brown,80
1r4hJ1h58CWwUQe3MxPuau,Maluma,92
6roFdX1y5BYSbp60OTJWMd,Tim McGraw,80
5SyGEPymt1G2uto47tVWvZ,MadeinTYO,81
5gCRApTajqwbnHHPbr2Fpi,Juicy J,82
1ZwdS5xdxEREPySFridCfh,2Pac,84
0A0FS04o6zMoto8OKPsDwY,YG,82
1UTPBmNbXNTittyMJrNkvw,Blake Shelton,80
5Pwc4xIPtQLFEnJriah9YJ,OneRepublic,88
2kCcBybjl3SAtIcwdWpUe3,Lil Peep,84
1VPmR4DJC1PlOtd0IADAO0,$uicideBoy$,82
7yO4IdJjCEPz7YgZMe25iS,A$AP Mob,81
4iHNK0tOyZPYnBU7nGAgpQ,Mariah Carey,84
3q7HBObVc0L8jNeTe5Gofh,50 Cent,85
21mKp7DqtSNHhCAU2ugvUw,ODESZA,81
6AUl0ykLLpvTktob97x9hO,Tee Grizzley,79
4LLpKhyESsyAXpc4laK94U,Mac Miller,81
4AVFqumd2ogHFlRbKIjp1t,Alesso,87
2ye2Wgw4gimLv2eAKyk1NB,Metallica,86
4SsVbpTthjScTS7U2hmr1X,Arcangel,88
21dooacK2WGBB5amYvKyfM,Smokepurpp,81
0EmeFodog0BfCgMzAIvKQp,Shakira,90
31TPClRtHm23RisEBtV3X7,Justin Timberlake,86
16oZKvXb6WkQlVAjwo2Wbg,The Lumineers,82
2rhFzFmezpnW82MNqEKVry,Ski Mask The Slump God,80
2IvkS5MXK0vPGnwyJsrEyV,Eric Church,79
1l8Fu6IkuTP0U5QetQJ5Xt,Fifth Harmony,86
1Cs0zKBU1kc0i8ypK3B9ai,David Guetta,90
5y2Xq6xcjJb2jVM54GHK3t,John Legend,85
0ZED1XzwlLHW4ZaG4lOT6m,Julia Michaels,86
67nwj3Y5sZQLl72VNUHEYE,Wale,81
738wLrAtLtCtFOLvQBXOXp,Major Lazer,89
5me0Irg2ANcsgc93uaYrpb,The Notorious B.I.G.,84
5lwmRuXgjX8xIwlnauTZIP,Romeo Santos,86
3E6xrwgnVfYCrCs0ePERDz,Wisin,91
7oPftvlwr6VrsViSDV7fJY,Green Day,86
2qxJFvFYMEDqd7ui6kSAcq,Zedd,85
36QJpDe2go2KgaRleHCDTp,Led Zeppelin,84
3BmGtnKgCSGYIUhmivXKWX,Kelly Clarkson,83
4V8Sr092TqfHkfAA5fXXqG,Luis Fonsi,89
4RSyJzf7ef6Iu2rnLdabNq,Willy William,89
6FBDaR13swtiWwGhX1WQsP,blink-182,83
0eHQ9o50hj6ZDNBt6Ys1sD,Yandel,91
50JJSqHUf2RQ9xsHs0KMHg,Jon Bellion,80
3Gm5F95VdRxW3mqCn8RPBJ,Aminé,80
4tZwfgrHOc3mvqYlEYSvVi,Daft Punk,86
20wkVLutqVOYrc0kxFs7rA,Daniel Caesar,80
2C6i0I5RiGzDKN9IAF8reh,Banda Sinaloense MS de Sergio Lizárraga,83
6TIYQ3jFPwQSRmorSezPxX,Machine Gun Kelly,82
1vCWHaC5f2uS3yhpwWbIA6,Avicii,91
4yBK75WVCQXej1p04GWqxH,Jeezy,79
1dfeR4HaWDbWqFHLkxsg1d,Queen,87
3EXdLajEO02ziZ90P90bSW,Lil Xan,80
711MCceyCBcFnzjGY4Q7Un,AC/DC,86
540vIaP2JwjQb9dm3aArA4,DJ Snake,87
718COspgdWOnwOFpJHRZHS,Luke Combs,78
4YLtscXsxbVgi031ovDDdh,Chris Stapleton,78
5LHRHt1k9lMyONurDHEdrp,Tyga,83
3cR4rhS2hBWqI7rJEBacvN,Leslie Odom Jr.,79
4NHQUGzhtTLFvgF5SZesLK,Tove Lo,84
5t28BP42x2axFnqOOMg3CM,Five Finger Death Punch,82
6DPYiyq5kWVQS4RGwxzPC7,Dr. Dre,84
4IWBUUAFIplrNtaOHcJPRM,James Arthur,86
2ODbg2404zUzTi02qIPEjB,Tay-K,78
0C0XlULifJtAgn6ZNCW2eu,The Killers,85
0u2FHSq3ln94y5Q57xazwf,Keith Urban,78
6y8XlgIV8BLlIg1tT1R10i,Old Dominion,78
5CCwRZC6euC8Odo6y9X8jr,Rita Ora,89
0xOeVMOz2fVg5BJY3N6akT,Jaden Smith,80
74XFHRwlV6OrjEM0A2NCMF,Paramore,83
6yJCxee7QumYr820xdIsjo,Zac Brown Band,78
3AA28KZvwAUcZuOKwyblJQ,Gorillaz,84
3ipn9JLAPI5GUEo4y4jcoi,Ludacris,81
4qBgvVog0wzW75IQ48mU7v,KYLE,79
0z4gvV4rjIZ9wHck67ucSV,Akon,83
0SCbttzoZTnLFebDYmAWCm,Glee Cast,82
5Berubt6ysOy2LCMyqhmXP,YFN Lucci,77
4BYxqVkZyFjtik7crYLg5Q,Chris Young,77
21E3waRsmPlU7jZsS13rcj,Ne-Yo,83
45eNHdiiabvmbp4erw26rg,Illenium,81
6Dd3NScHWwnW6obMFbl1BH,Daya,83
5pUo3fmmHT8bhCyHE52hA6,Liam Payne,85
0k17h0D3J5VfsdmQ1iZtE9,Pink Floyd,85
08GQAI4eElDnROBrJRGE0X,Fleetwood Mac,83
3ApUX1o6oSz321MMECyIYd,Quinn XCII,78
3grHWM9bx2E9vwJCdlRv9O,Kenny Chesney,77
2xiIXseIJcq3nG7C8fHeBj,Three Days Grace,80
4olE3I5QU0dvSR7LIpqTXc,watt,84
5M0lbkGluOPXLeFjApw8r8,DRAM,79
4MoAOfV4ROWofLG3a3hhBN,Jon Pardi,77
64aJYyrXljOodnUG6jvhRD,DJ Luian,88
0WOxhx4hikIsyF3CRPLC8W,Famous Dex,78
6MDME20pz9RveH9rEXvrOM,Clean Bandit,87
2mxe0TnaNL039ysAj51xPQ,R. Kelly,81
6ZjFtWeHP9XN7FeKSUe80S,Bing Crosby,78
3GBPw9NK25X1Wt2OUvOwY3,Jack Johnson,83
6KImCVD70vtIoJWnq6nGn3,Harry Styles,83
60d24wfXkVzDSfLS6hyCjZ,Martin Garrix,87
3e7awlrlDSwF3iM0WBjGMp,Little Mix,87
22bE4uQ6baNwSHPVcDxLCe,The Rolling Stones,84
7jy3rLJdDQY21OgRLCZ9sD,Foo Fighters,85
0bdfiayQAKewqEvaU6rXCv,MØ,84
3Y7RZ31TRPVadSFVy1o8os,H.E.R.,78
3tQx1LPXbsYjE9VwN1Peaa,Marc E. Bassy,78
77SW9BnxLY8rJ0RciFqkHh,The Neighbourhood,81
3NPpFNZtSTHheNBaWC82rB,X Ambassadors,82
7pFeBzX627ff0VnN6bxPR4,Desiigner,81
7mDU6nMUJnOSY2Hkjz5oqM,Roy Woods,79
5ndkK3dpZLKtBklKjxNQwT,B.o.B,80
7Ln80lUS6He07XvHI8qqHH,Arctic Monkeys,86
7FBcuc1gsnv6Y1nwFtNRCb,My Chemical Romance,80
6olE6TJLqED3rqDCT0FyPh,Nirvana,84
1pPmIToKXyGdsCF6LmqLmI,Rich The Kid,78
5vngPClqofybhPERIqQMYd,George Strait,76
0jnsk9HBra6NMjO2oANoPY,Flo Rida,84
3dRfiJ2650SZu6GbydcHNb,John Williams,81
7x8nK0m0cP2ksQf0mjWdPS,Dierks Bentley,76
2R21vXR83lH98kGeO99Y66,Anuel Aa,85
5lHRUCqkQZCIWeX7xG4sYT,Rich Homie Quan,78
63yrD80RY3RNEM2YDpUpO8,Melanie Martinez,80
0nmQIMXWTXfhgOBdNzhGOs,Avenged Sevenfold,81
6WY7D3jk8zTrHtmkqqo5GI,Maren Morris,77
15iVAtD3s3FsQR4w1v6M0P,Chief Keef,77
4utLUGcTvOJFr6aqIJtYWV,Skylar Grey,85
4Rxn7Im3LGfyRkY2FlHhWi,Nick Jonas,82
1dID9zgn0OV0Y8ud7Mh2tS,Dustin Lynch,76
26T3LtbuGT1Fu9m0eRq5X3,Cage The Elephant,79
3TOqt5oJwL9BE2NG9MEwDa,Disturbed,81
10exVja0key0uqUkk6LJRT,Vance Joy,82
6UBA15slIuadJ8h2lPRPos,Tech N9ne,77
5XenQ7XfcvQdfIbpLEFaKQ,GoldLink,78
5eAWCfyUhZtHHtBdNk56l1,System Of A Down,83
3gd8FJtBJtkRxdfbTu19U2,Mumford & Sons,82
4LEiUm1SRbFMgfqnQTwUbQ,Bon Iver,81
26dSoYclwsYLMAKD3tpOr4,Britney Spears,83
3jOstUTkEu2JkjvRdBA5Gu,Weezer,78
2FXC3k01G6Gw61bmprjgqS,Hozier,81
2P5sC9cVZDToPxyomzF1UH,Joey Bada$$,80
0a1gHP0HAqALbEyxaD5Ngn,Rascal Flatts,77
3RqBeV12Tt7A8xH3zBDDUF,Kelsea Ballerini,76
5q8HGNo0BjLWaTAhRtbwxa,Brantley Gilbert,75
43ZHCT0cAZBISjO8DG9PnE,Elvis Presley,83
3mIj9lX2MWuHmhNCA7LSCW,The 1975,81
0X2BH1fck6amBIoJhDVmmJ,Ellie Goulding,84
6JL8zeS1NmiOftqZTRgdTz,Meghan Trainor,82
3tJoFztHeIJkJWMrx0td2f,Moneybagg Yo,75
0fiWOxhsBsQQvFDtxUQWo0,Brett Young,76
7vk5e3vY1uw9plTHJAMwjN,Alan Walker,88
3MHaV05u0io8fQbZ2XPtlC,Prince Royce,85
3crnzLy8R4lVwaigKEOz7V,E-40,77
3Isy6kedDrgPYoTS1dazA9,Sean Paul,87
3DiDSECUqqY1AuBP8qtaIa,Alicia Keys,82
0NbfKEOTQCcwd6o7wSDOHI,The Game,80
3qBKjEOanahMxlRojwCzhI,Zacari,77
4tX2TplrkIP4v05BNC903e,Tom Petty and the Heartbreakers,77
1Xylc3o4UrD53lo9CvFvVg,Zara Larsson,87
4u5smJBskI6Adzv08PuiUP,Kiiara,82
6kACVPfCOnqzgfEF5ryl0x,Johnny Cash,80
6zFYqv1mOsgBRQbae3JJ9e,Billy Joel,79
4xFUf1FHVy696Q1JQZMTRj,Carrie Underwood,76
2QsynagSdAqZj3U9HgDzjD,Bob Marley & The Wailers,84
6KZDXtSj0SzGOV705nNeh3,Kid Ink,81
6cEuCEZu7PAE9ZSzLLc2oQ,R3HAB,83
1vSN1fsvrzpbttOYGsliDr,Tori Kelly,78
0ONHkAv9pCAFxb0zJwDNTy,Pusha T,79
0CEFCo8288kQU7mJi25s6E,Hollywood Undead,79
0EdvGhlC1FkGItLOWQzG4J,Sublime,77
77AiFEVeAVj2ORpC85QVJs,Steve Aoki,83
6deZN1bslXzeGvOLaLMOIF,Nickelback,81
1U1el3k54VvEUzo3ybLPlM,Kali Uchis,78
0eecdvMrqBftK0M1VKhaF4,CNCO,87
1Oa0bMld0A3u5OTYfMzp5h,Nate Dogg,81
3PhoLpVuITZKcymswpck5b,Elton John,82
2gBjLmx6zQnFGQJCAQpRgw,Nelly,80
74cb3MG0x0BOnYNW1uXYnM,Hillsong United,79
1G9G7WwrXka3Z1r7aIDjI7,OutKast,79
5nSGBmlgUdqWNExnOX8VtV,Rain Sounds,78
1CFCsEqKrCyvAFKOATQHiW,Lecrae,75
7qG3b048QCHVRO5Pv1T5lw,Enrique Iglesias,84
1By9QBFnjZAoI83BZppHlt,Billy Currington,75
55fhWPvDiMpLnE4ZzNXZyW,Noah Cyrus,83
5INjqkS1o8h1imAzPqGZBb,Tame Impala,80
6f4XkbvYlXMH0QgVRzW0sM,Waka Flocka Flame,76
49bzE5vRBRIota4qeHtQM8,Skillet,79
5BtHciL0e0zOP7prIHn3pP,Breaking Benjamin,77
6DIS6PRrLS3wbnZsf7vYic,WALK THE MOON,78
7e1ICztHM2Sc4JNLxeMXYl,dvsn,78
0ECwFtbIWEVNwjlrfc6xoL,Eagles,80
2o5jDhtHVPhrJdv3cEQ99Z,Tiësto,85
1l7ZsJRRS8wlW3WfJfPfNS,Christina Aguilera,83
2T1aUibqR2QC2sINIDQOAK,Mambo Kingz,87
26T4yOaOoFJvUvxR87Y9HO,Bethel Music,77
0oSGxfWSnnOXhD2fKuz2Gy,David Bowie,82
6T5tfhQCknKG4UnH90qGnz,DNCE,83
1tqhsYv8yBBdwANFNzHtcr,Lil Dicky,76
3Fdm9TFJQCLmC3AWMuGExi,Ugly God,75
3tlXnStJ1fFhdScmQeLpuG,Brent Faiyaz,76
21451j1KhjAiaYKflxBjr1,Zion & Lennox,87
68kEuyFKyqrdQQLLsmiatm,Vince Staples,77
05fG473iIaoy82BF1aGhL8,Slipknot,81
5fMUXHkw8R8eOP2RNVYEZX,Diplo,81
4Z8W4fKeB5YxbusRsdQVPb,Radiohead,82
3FUY2gzHeIiaesXtOAdB7A,Train,79
70BYFdaZbEKbeauJ670ysI,Shinedown,77
3IYUhFvPQItj6xySrBmZkd,Creedence Clearwater Revival,81
3qm84nBOXUEQ2vnTfUTTFC,Guns N' Roses,84
3iri9nBFs9e4wN7PLIetAw,gnash,78
1mfDfLsMxYcOOZkzBxvSVW,Cole Swindell,74
4RddZ3iHvSpGV4dvATac9X,Papa Roach,80
4jogXSSvlyMkODGSZ2wc2P,Calibre 50,78
0NWbwDZY1VkRqFafuQm6wk,Mike WiLL Made-It,76
2IDLDx25HU1nQMKde4n61a,Rich Chigga,78
6nxWCVXbOlEVRexSbLsTer,Flume,80
7guDJrEfX3qb6FEbdPA5qi,Stevie Wonder,80
4yvcSjfu4PC0CYQyLy4wSq,Glass Animals,77
51Blml2LZPmy7TTiAg47vQ,U2,84
0YWxKQj2Go9CGHCp77UOyy,Fabolous,76
2qk9voo8llSGYcZ6xrBzKx,Kings of Leon,82
0qSX3s5pJnAlSsgsCne8Cz,Brett Eldredge,74
1DvtabXAjfrMihPP6JQdHs,Shy Glizzy,75
0YC192cP3KPCRWx8zr8MfZ,Hans Zimmer,82
3Sz7ZnJQBIHsXLUSo0OQtM,Mac Demarco,78
19Fi1Rj7kk8kyiwxpXy3yM,August Alsina,76
4J13m9IZh03PEhoxAxRhXO,Gerardo Ortiz,79
7gP3bB2nilZXLfPHJhMdvc,Foster The People,80
3jK9MiCrA42lLAdMGUZpwa,Anderson .Paak,78
3AQRLZ9PuTAozP28Skbq8V,The Script,84
2jnIB6XdLvnJUeNTy5A0J2,Why Don't We,76
6qqNVTkY8uBg9cP3Jd7DAH,Billie Eilish,78
0my6Pg4I28dVcZLSpAkqhv,El Fantasma,75
4HzKw8XcD0piJmDrrPRCYk,Majid Jordan,78
3EiLUeyEcA6fbRPSHkG5kb,De La Ghetto,84
4NiJW4q9ichVqL1aUsgGAN,A Day To Remember,76
6w9ToX5slZ4uIdmD17hJ3c,Bryant Myers,83
5BcAKTbp20cv7tC5VqPFoC,Macklemore & Ryan Lewis,81
6GkJh85o22LfD2vgL9DP6f,Dirty Heads,74
3tVQdUvClmAT7URs9V3rsp,WizKid,82
00oL7zWxmWveTsKF7DnIRd,Kyle Dixon & Michael Stein,79
3twuAojvYNrlWZpMkxLm3P,Daveed Diggs,75
0NIIxcxNHmOoyBx03SfTCD,Tinashe,78
3WGpXCj9YhhfX11TToZcXP,Troye Sivan,82
1v3tdpIdBSW14rHUfiEVOv,Lauren Alaina,74
46gyXjRIvN1NL1eCB8GBxo,All Time Low,77
1YfEcTuGvBQ8xSD1f53UnK,Busta Rhymes,79
0n94vC3S9c3mb2HyNAOcjg,The Head and the Heart,75
5fyDppLDl1juIu1BcUT5zh,Digital Farm Animals,85
3gGUMEwIX6XodWsYEvKSal,YBN Nahmir,74
6s22t5Y3prQHyaHWUN1R1C,AJR,77
0CKa42Jqrc9fSFbDjePaXP,Big K.R.I.T.,74
5Zq7R5qmi58ByYyBQTlNuk,Lee Brice,74
74eX4C98E4FCrAMl39qRsJ,Theory of a Deadman,76
3YCKuqpv9nCsIhJ2v8SMix,Elevation Worship,75
0rvjqX7ttXeg3mTy8Xscbt,Journey,78
4mxWe1mtYIYfP040G38yvS,Alan Jackson,75
0MeLMJJcouYXCymQSHPn8g,Sleeping At Last,78
4sTQVOfp9vEMCemLw50sbu,Galantis,82
4phGZZrJZRo4ElhRtViYdl,Jason Mraz,81
4yiQZ8tQPux8cPriYMWUFP,Gwen Stefani,79
3XHO7cRUPCLOr6jwp8vsx5,alt-J,80
20qISvAhX20dpIbOOzGK3q,Nas,78
33ScadVnbm2X8kkUqOkC6Z,Don Omar,83
5aIqB5nVVvmFsvSdExz408,Johann Sebastian Bach,81
7kFfY4UjNdNyaeUgLIEbIF,DeJ Loaf,75
4wLXwxDeWQ8mtUIRPxGiD6,Marc Anthony,82
660YptcR0hNHJ8iEr1qcse,Anthony Ramos,75
1Bl6wpkWCQ4KVgnASpvzzA,BROCKHAMPTON,75
3SgHzT552wy2W8pNLaLk24,Hillsong Worship,78
25uiPmTg16RbhZWAqwLBy5,Charli XCX,81
2DlGxzQSjYe5N6G9nkYghR,Jennifer Lopez,82
6G3sPhnj4JBCsBVBGvZnkk,Okieriete Onaodowan,74
12vb80Km0Ew53ABfJOepVz,Nengo Flow,82
2wIVse2owClT7go1WT98tk,Missy Elliott,77
49tQo2QULno7gxHutgccqF,LANY,80
7sfl4Xt5KmfyDs2T3SVSMK,Lil Jon,78
1E2AEtxaFaJtH0lO7kgNKw,Russell Dickerson,73
6sLwRSXSUF5JTUnQaFenyj,Christopher Jackson,74
7FY5V3XMwlNBPitEjXowHQ,Darius Rucker,74
74KM79TiuVKeVCqs8QtB0B,Sabrina Carpenter,79
4TMHGUX5WI7OOm53PqSDAT,Grateful Dead,73
6Wr3hh341P84m3EI8qdn9O,Rise Against,79
7v4imS0moSyGdXyLgVTIV7,Nat King Cole,76
7mnBLXK823vNxN3UWB7Gfz,The Black Keys,78
1W3FSF1BLpY3hlVIgvenLz,The-Dream,75
3RNrq3jvMZxD9ZyoOZbQOD,Korn,78
7iMvwE8qANp3aIfAGKEAwS,Cam’ron,75
5rSXSAkZ67PYJSvpUpkOr7,Backstreet Boys,80
1QRj3hoop9Mv5VvHQkwPEp,Olivia O'Brien,78
4EzkuveR9pLvDVFNx6foYD,James Bay,81
3RtNN1VnooWEn3KQk03DUL,Noriel,82
77tT1kLj6mCWtFNqiOmP9H,Daryl Hall & John Oates,78
5iNrZmtVMtYev5M9yoWpEq,Seeb,84
1QDrz3DMMaz3TB1cm0PGDu,Justin Jesso,84
2KsP6tYLJlTBvSUxnwlVWa,Mike Posner,80
13YmWQJFwgZrd4bf5IjMY4,Brad Paisley,74
7EQ0qTo7fWT7DPxmxtSYEc,Bastille,81
7gAppWoH7pcYmphCVTXkzs,The Vamps,82
7z5WFjZAIYejWy0NI5lv4T,Dan + Shay,73
2UZMlIwnkgAEDBsw1Rejkn,Tom Petty,76
01QTIT5P1pFP3QnnFSdsJf,Lupe Fiasco,75
4obzFoKoKRHIphyHzJ35G3,Becky G,85
4MVyzYMgTwdP7Z49wAZHx0,Lynyrd Skynyrd,77
6pBNfggcZZDCmb0p92OnGn,Chase Rice,73
1w5Kfo2jwwIPruYS2UWh56,Pearl Jam,81
7hOGhpa8RMSuDOWntGIAJt,A R I Z O N A,79
3hcs9uc56yIGFCSy9leWe7,Lil Durk,73
3vbKDsSS70ZX9D2OcvbZmS,Beck,76
2OEGI2wrCVmvavKEOMlccy,Phillipa Soo,74
74ASZWbe4lXaubB36ztrGX,Bob Dylan,79
5QdEbQJ3ylBnc3gsIASAT5,G Herbo,72
5exS0bytCYdixgv02DaCm3,William Singe,83
0SwO7SWeDHJijQ3XNS7xEE,MGMT,77
0YinUQ50QDB7ZxSCLyQ40k,DJ Mustard,76
6aaMZ3fcfLv4tEbmY7bjRM,Isaiah Rashad,74
0tPjSrb43a58uznKru1k2P,A$AP Twelvyy,74
57WHJIHrjOE3iAxpihhMnp,Louis Tomlinson,83
6hfwwpXqZPRC9CsKI7qtv1,Alina Baraz,75
07YUOmWljBTXwIseAUd9TW,Sebastian Yatra,88
7Ey4PD4MYsKc5I2dolUwbH,Aerosmith,80
5LfGQac0EIXyAN8aUwmNAQ,The Offspring,80
44NX2ffIYHr6D4n7RaZF7A,Van Morrison,77
3koiLjNrgRTNbOwViDipeA,Marvin Gaye,78
1okJ4NC308qbtY9LyHn6DO,BloodPop®,83
1Y8cdNmUJH7yBTd9yOvr5i,Destiny's Child,78
66lH4jAE7pqPlOlzUKbwA0,Miranda Lambert,73
5ghnxpW47ojtLHHyTLdxdY,Witt Lowry,74
6z7xFFHxYkE9t8bwIF0Bvg,Boosie Badazz,72
3oDbviiivRWhXwIE8hxkVV,The Beach Boys,76
2ZRQcIgzPCVaT9XKhXZIzh,Gryffin,78
27w1NoOLMX7tJMYqcetPyG,Vic Mensa,74
7EWU4FhUJM1sZQgQKdENeT,Hopsin,74
5bgfj5zUoWpyeVatGDjn6H,K CAMP,72
0zOcE3mg9nS6l3yxt1Y0bK,The Fray,78
6ltzsmQQbmdoHHbLZ4ZN25,Lord Huron,76
25NQNriVT2YbSW80ILRWJa,Faith Hill,73
1qto4hHid1P71emI6Fd8xi,Aventura,77
59wfkuBoNyhDMQGCljbUbA,Diddy,77
6B5c4sch27tWHAGdarpPaW,Seether,75
3eqjTLE0HfPfh78zjh6TqT,Bruce Springsteen,79
382aq8Pij5V2nE2JMHMoxl,Hoodie Allen,74
2NdeV5rLm47xAvogXrYhJX,Ciara,75
2bA6fzP0lMAQ4kz6CF61w8,Toby Keith,72
1bqxdqvUtPWZri43cKHac8,MAX,75
6XpaIBNiVzIetEPCWDvAFP,Whitney Houston,80
4YXycRbyyAE0wozTk7QMEq,Matoma,81
3YbOSxo85kla7RID8ugnW3,Los Temerarios,73
1Ffb6ejR6Fe5IamqA5oRUF,Bring Me The Horizon,78
776Uo845nYHJpNaStv1Ds4,Jimi Hendrix,77
1XkoF8ryArs86LZvFOkbyr,Mary J. Blige,75
32WkQRZEVKSzVAAYqukAEA,Lady Antebellum,75
6TiNbcfVoO3SppeLYJbnSr,Future,75
49e4v89VmlDcFCMyDv9wQ9,Dean Martin,75
3t5xRXzsuZmMDkQzgOX35S,Robin Schulz,86
3kVUvbeRdcrqQ3oHk5hPdx,Grouplove,74
4D75GcNG95ebPtNvoNVXhz,Afrojack,81
1moxjboGR7GNWYIMWsRjgG,Florence + The Machine,79
7rtLZcKWGV4eaZsBwSKimf,Billy Fury,43
4jrTNltJtTMUfXybDdsHDn,The New Seekers,39
3jiOHVFdVQjbSDVeC7RgY7,Wir Sind Helden,54
3a4AXIwxExtfXcIwGDBruP,Gisselle,30
26ycUCO6mpGAZPw9yHzhon,Adamo,49
7xMkS2osPSe4lWFBnvE12A,Port O'Brien,34
7nBZYpVAH6bD0QlD7Mpil7,Marc Almond,45
1bAdBYcsDdsbqmWbAE7qKR,JJ,39
1jQDgp9Fak4WYVZedWLF4G,The Biz,52
0sPG1Yn8sWnhwDHsUbrU0F,Federico Scavo,47
34ewhZ2QRt7Zb7SqmgRZXr,Flip,34
6D1DgoF2TYTbPQbRPEriaI,Afro Medusa,42
2qljmykdCfgGy9zUw7UqkX,The Dears,38
3BucZwouCkpiGi2UxqfWn9,Frank Stallone,39
5lk4LfEWbYyP9nnE8v574Y,Sheryl Lee Ralph,34
44zcDDVZOY0ck7KECNUPK1,Dominik Eulberg,48
1fQObup5M4oSgLVDBnt22v,The Acorn,35
6cShe1zppIq5AZM53qQTE6,Kim Sozzi,33
0Vg2GA2WmLIPXILz95CS03,Mendo,39
1rylldluHh9z6RiCzLNUsC,Panos Kalidis,40
02AgDpYGR3r3u3mvlApNqT,Ursula 1000,37
3Z7tNWlrQnxjy4LuhlHAAB,Rita,34
6EMWMUO2B9Nt39O7SXdZUw,Pablo Moses,43
5f4yA5jDkv5z75thk9ZNTc,Circo,29
0Opj9xi9HHrH0L9uHAKnKm,Oceansize,39
7GXl7JNlpliaLZhSVRLQKu,Mr. Lee,34
2d5aRKZTJgcuetYRNzKDrA,Paul Franklin,33
7knQlwjtPZ9VP98f5XXhhn,Brenda And The Tabulations,29
5p6lcERrLISBe7SLKgjDdT,Westbound Train,32
16X8T4VdzB9sHrYSSpIEVB,Dooley Wilson,39
5YILFKSHhsy945mHTYFlQB,Karim Mika,39
5HnbgmWw95iWCPvAEXeiU7,Illuminate,29
2D2svlzUpyTfcEEq0t3dgV,Sebastian Bach,37
5V5vvh5MgM7vDuPp4lJYkh,Sun Ra Arkestra,34
6shUis7LCzUyjWuIP2Nkvi,The Dreams,39
1979TL9BYIaUZxqbqUUhFa,Soul Position,32
5RcxHMJklIX1MhY7MgG9NA,Luca Bacchetti,39
30SpGunnNpbbUL4IfkvC5q,Merle Travis,32
7jJcTKRKcd0INMLwZGRvou,Charm,37
2zM9tZiuiAOL4YP0YxLE7l,Martin L. Gore,38
4k8ZMbCLduQVguxDIJgDse,TJ Rehmi,33
4ko6Ysxtvx9EY9GEFslrIz,Suprême NTM,56
1UrfmsMDKHSYXj7SaPjyWL,Jane Weaver,45
6wU099wsnfSuP0lxWc0jgt,Sly Fox,32
1Ya3U2XGZpIyzoqfdFwShy,Casey Darnell,29
1EgVsKobLzbNgILxx9wrVG,31 Minutos,58
77vFMS6JGC1VvpBh60OCRr,Tom Johnston,39
2YOPAE5jegb3i2uhVmYk1v,Yat-Kha,38
5nmTcw6WV6BzDvguH2iPXR,Torcuato Mariano,33
2aWjaq32aRQo58dw0w8NM6,U.D.O.,47
4tIKaxUmpXzshok2yCnwdf,King Promise,33
0sCPsfSHPoC2ZsKaJ1c9KB,Skouners,31
7dJzxVffEZI5MuHOJiQB5A,Rompasso,46
3YRilUQ3D842PMQIw9OgpI,Pablo Beats,27
4Q8MR3f7fJ6OiuQpP1PS62,Logan Epic Canto,31
2YftJBwNPaJJMK5ORcHq8k,The Washboard Union,39
17v7l3R6BtU1hNpswj1h5s,Kaycee Da Silva,36
4Vz9JBAxRMnQdRQOtWH9Tb,Joli,31
6Ne0LPCT7eDYKvOUuzS0r6,Sample Answer,40
70zQbRqxcwsB6jJxNzd9Uv,Olav Haust,59
3ErTsz5bXN3NVidVWpel1g,Claire Waluch,29
3m6LsCP4SaZGScWSqwADvI,Bukas Palad Music Ministry,44
75TpqUKRahJMZtwiKCMhby,Ana Maria Ortega,27
56E17EDLwXHqzfEIaXHYqT,DJ Vicky,40
7BWNRZyZ9mhgp5t0m7Ny0n,Deejay Telio,54
7bbzOJyYWRp0cef7NpIClP,Yung Nnelg,55
78QoE7x1Wt8whxsUItnwm9,Mairo Ese,31
3fqoYDVKecfs5Q99XN9wf7,DJ Nazil,30
6otY3GdTYnxB2hH7nFhwfQ,Nathan Rux,39
5guWRMBbxErzvz11GlmTWF,King Guru,26
0N8tTwUhQQD75uLOyqhfVU,Bryde,34
3gs5blsQD5aU5VhqvWYpAk,Los Cumbia Sonideros,26
7tGUrTkeuwn55wnNKYwPkE,PLPS,31
03IJEZ6IynYczgge2uC4YD,Mark Linett,26
2dfis6Lubbjjejzgm9FZ20,Flux Conduct,31
7sO3BcevkIUXu5NcUNBVfO,Modesta,26
5c1j7Ld1zSmzPu1Sb9E16K,K. Solar,27
0kbvuxKot0yhtuWsk4nZh0,Haresha,25
2SrsKqD053CseoB0321K8I,Solo Woods,29
2lv98GIH16DT3nI8Ge8Jii,Carmelyn Kinsey,25
5aPyGWlpqRG3hlsbTDgPPu,För Alltid,33
5jZvBSJGDWr6qfcSHDC3ZJ,Distractor,29
5ONK9wjkPdnd7AVlxgv7rn,Nick Dean,36
1bI2Gw4q2EJbDFNp5vzpUd,The Midwestern Lutheran,25
2xsuzWkZTxU0WpWgCGDOG4,Hestina,30
5SqQ2BsqQY4Z08UvFFfMc8,M. Rivers,27
3dsQtDOAF0nAzdaApgPhCb,My4Faces,25
4a8p72slZk4Af2nQgoVus1,King Louie,27
2bDfeQXi3WJhsMS7yDghV6,Summer Ferguson,33
4iN7npIRjlGTe2ueM2QRlQ,Starz,30
0qPJnS57rz8kdgyaz6GdAJ,Albert06 El Veterano,36
6h8yrqkWCBPPZUCJ04baAL,Nostalgia,26
6HN1s0JzLowapZ7nhOAJ71,Naxatras,37
48ujryVgzdhdksdQYe2EY8,Jacob Iosia,26
6aZ5vVGkeS9seuzG6xVlMz,Headache Migrane Relief,29
33HS3al2DEiCrIlhGZ2nHp,Inbirth,30
2446BK7P070MiH3LIjR0t1,Javon Merrixx,25
2Hfaps2nYtfGmHAlvPS4Rc,Dr. Ravi Zacharias,26
3vTQIVydSLfIKWUL2VNwKo,Rumba Whoa,36
4faUvBUkF2LhK8SvGidUBv,Banda de Viento Ilusión 3,27
71N7xIvnaOFGetZL5nhWsl,Backtrack,47
18FojbNFtWY8HKOMVSA2K4,Jenny & Tyler,47
6hha7AM7ao3kNpN0VwOXgD,Redlight King,46
3omyT5zHz9QmE63xEk10OV,La Manta,52
0z5SAvLBgXdLs33L3tLbfo,Dimitri McDowell,45
29ko7p6q0gVHvzy7B2alol,Will Claye,47
2Hqn367geFndjn7SaFNn49,Theishter,50
1Iu45F9MMaQce8PDY5nFli,WAV,44
5kFY4Bv5VRSBsM6CUYBoTC,Mickey Gilley,46
4M6YdvdCPW1fvQYbLwmNWZ,Karunesh,55
0djvqMepj2XkHfvWTqkH1N,G Mills,49
13CMfEeq8AC6ryGOPODqE1,A Winged Victory for the Sullen,51
2Iso1Lq3OVNEsZNjV20inO,Bo Napoleon,46
2qQFan5AqzA4zB443MZOl2,Stark Sands,48
2SrWifjYv7b5tR8EzEmn1x,Golden Features,57
7q3OTml6VefMn69k5EOwnx,Project Destati,48
46MWeeHNVMYRIIofQBEX98,Beam,50
3uO6HG2JwyP744sg4PMmg5,Bobby Hutcherson,52
1nSRa2YjjFWJLHGKM07oGQ,Blaque,47
6NJb7ZCMVLu2ZXwWJa2O3G,Gummibär,50
2lHzW2pMhRYX3ohx5lZY8y,Los Pasteles Verdes,51
2lD1D6eEh7xQdBtnl2Ik7Y,Hildur Guðnadóttir,51
52W8m0S2k3aylPySPrUo6S,Baby Sleep Through the Night,49
1USUeNBNJcg7Of34Ix74lM,Mimi Page,47
3NTbOmzlj2cL86XFuDVFvZ,MAN WITH A MISSION,55
1U8stB5JKpJA7atRjrlVtF,Aeuria,51
2SSFTSkdw1v4DDjAI73PYj,Curved Light,49
65G4aNkO6vIIjedSCXWz1H,"""Joseph And The Amazing Technicolour Dreamcoat"" 1991 London Cast",44
4VQMep78VNtSZbZjc72mVD,Euro,47
5PzC9pOeviQlNF6iGlUF5C,Viceroy,51
5fpyik02NNCiXc9hF4S2BI,Riddler,47
5UA4NsiBgSQICPFMDKcPAe,Aviella,53
61DLKOR3hcEvTfSWTUKu1h,Iselin Solheim,53
7ySHyUSqpKzGnDqOxLiCFH,Charlotte OC,54
5ZiVNVZ2yPcn7SsdMISFHa,The Playtime Allstars,51
29Oq9Nv8zLgu3IvX1tIpbm,Matt Champion,46
2xH4OVNu1IZSFQpoG7qWba,Sebastian Lehavre,54
3bCmhyXqTr9ZNGlHNYNTFA,Graham Colton,48
671sBQXQM2vHSu0AGvpfDs,Screeching Weasel,47
23xTTTcfVHvWRIPiDAOAE4,Bizzy Bone,47
4WoKI3ZPs544x2glFOJRyg,Moon Hooch,47
7KG6QgP9Xb87ybAr9C24qw,Protohype,48
1DIpWfeb5YTJmmvSy5TSL3,Stephen McWhirter,46
3ftW1xTYJhcvwBI1q0RVOD,KZ,47
3Et3w2l4x82S4S62StGhBP,Juanpa Mal,44
0OiS4KHxViIFnJooFTXl7V,Ras Kass,51
0E1rr46N55D82SR0XIxrO5,Joanna Cotten,44
6SGhROQYSIxgiCvxfXfp4p,Maurette Brown Clark,45
1qMgGon16RoDAfujk41Em0,Darrell Scott,46
5dpLK5cD7FwWyDKv4qbodS,Samantha Crain,46
0HSeq9kc3ZK5yUiWTBazR2,Music for Sleeping Ensemble,40
2kYJ8VmL78aetgtGxQV0Z4,Kudu Blue,44
2PHZw1JCGqwqxZdZ0tt222,Evokings,60
6V6io3ApRj18jjB2SORQsr,The Sausage Factory Singers,36
2y7bzzp54WcxNnnyamQFya,Zipper Club,33
0bfrSmQCGtBLJMYUNCODry,Eli Way,35
39mgk0y3gWDfKqHTAcc2LG,Sarah Juers,34
45KCfdrl8y47xRUtd3FZ5a,Nitemayor,40
66dxeb9ZCk7qozcnHbOrwt,Triiyp,30
1jROQOzEAuW47ItjQ5FwCQ,Sad Money,34
33XCGkscDih2VsMHZSkHMW,Josh Manuel,34
6Lc3lZ1T9GWADxwzIinIYG,Kingss,32
2nUaFtnjf68e3lX9U2ea0g,Cayte Lee,33
6niwlYgjxTpkDtrKN4KWiZ,Audiovista,39
4VkkpneXeQniEBuARGhF5X,Jon Stork,30
3l7zogHf9d1q2V7FBcKEiy,LeRiche,36
6nwfs1JBpPHU65twuciEbN,Xie,34
3LS7xYZrQum004stpgAMs6,Tooda Man,30
7Ag09YfL4I64xhd258PAZ3,Fetty Brothers,32
12pfYeZ791ghFuc59SZOf7,JOSEPHINE,31
2PizNWEHO2WsM24IgFvljO,Spa Experience,30
2KXIPd1wChW15JdAXfXIdJ,Stokley,31
6gMyLqdBGrHjR8TdCutVIP,Peter Fenn,31
7Leo5lqKHc6Eo6UK84VqIB,Holy Rexx,30
1LERhff76nABPHYmfghIKF,Tombstone Dance,30
7t8dnNqd2Z0p21ymBHAfqI,Marin Chapoutot,37
6QSdcj22zNWUr9yYgFZHPZ,Abu Ft. Yousra,37
4Xv4mNOYUc05QngjAvNUWB,Velodrome,35
7yyIIRJV6dklQEvISTzRjE,Airto,41
0lKtzF4ocJKLhHVeBuCo2A,Melos Quartet,35
4J806QjdyKrK4guMFMRzKc,Salvatore Accardo,42
3SrOlll9sjDBbH1kOTsALh,Bournemouth Sinfonietta,37
6duaKoFWgzQNgHlfmn3dHq,Emmanuel Pahud,41
46jtIbj72oWxiUY2CQvSJd,Paul Harris,43
6OMvIPtR1Psr3wswUtcZHu,Johannette Zomer,40
0UR6Stq73cQyqWRWc7AIZG,John Rubinstein,32
2BXQwWUSIivZCgT0EqLx6g,Hansel Y Raul,42
1FbL4RGqW5gvZ2kZNGdfpA,Os Cariocas,45
10naVTwNjE50daQVrN0bXh,Cássia Eller,67
0ZsQhGEshVqljzU29pJmsp,Eko,40
2cNC9hjjdsMKLv0m2m9p1D,Alex Britti,58
698jqy5RzKp9XzvSiNbCDy,Johnny Vulture,35
0vKbTTNdtagd8xiERj6Szb,Percy Heath,37
39ywlwtGw8RTGobakgb11L,Kruder & Dorfmeister,43
1DDMrVXQt53FwOcxBQvjwh,Jens O.,49
4psAP2Nyj5BmNqrAzTTlhx,Hilton McRae,37
3yoyUFgb11DMp1KrsJoQZU,DJ Assault,37
5FYfIAuN8mV5KgVtugwfc0,Revolverheld,60
3cqIsBnzV3BabbPWKz8Txf,Mud,51
0QTEYauMG3DrAVPXCYMseu,Mala,40
0QRaRMQvSn50byB6M0tUJz,Alexander Wells,27
5h0HlqYN5TvocKVL1NSJ80,F.K.Ü.,35
2vxWDuk2inw00eo3Hag2QR,Kristin Amparo,50
6yEx1yGhBuiNQKryawu8G4,The Rocketz,23
42SZWoHp8GLbTAFCF8xOIy,General Knas,54
3yZGxic0kOZYvVfQto4lmP,Graveyard BBQ,26
42DPwNQW3wug2mLiDxTGY4,Elleah,29
0tzfg1njGfyHqwQDXEW8VN,Rodney Parker,21
5v1etkqLgg8pEUSgtHMab3,Hugo Toxqui,22
5jVIKY4wYJj5fRqrbVWs9y,David Filio,44
4oNYibOPSsGSEn42sqgpw3,Kim Heindel,29
1i6rwJ7TIM7I4yAblW2t7T,Wes Swing,23
1uvvhsNGnZoyEWKztO0P0Z,Kreeta-Maria Kentala,33
0q0lEulQZYw4EexzUVDiJR,Johnny Ventura y su Combo,25
2w6HhORmgt5GnFOXeos06c,Incendio,24
17RgOqdpzqpxMeTHHgMkcb,Jaykin,26
7kG8kajtePEmQmlgd4lKT5,Pure Sounds,21
4yukfLWjgrcy6579esDqI3,The Pear Ratz,20
2nzfP8Rful6dfP39YoZREB,Francis Jue,22
0oXrvAp6NnKeWz1qnKrNLb,Recess Monkey,23
4sxtLUswMXhoDrec7zc6i0,The Milk,41
0BrKd3CrR2PVUazDnH5TxO,Stefan Rachon,29
0D1he91OdaY1wHyAhD4QbT,T.R.E.,21
44QKSpMVTzPZGcOegCwtIf,Mario Sollazzo,33
30P3xzhZvm8biWAkE9lp4i,Ricky Phillips,31
2Z1r7pAFGodXKs8XvPe38U,Naked Music,30
4dXRZcf1AdzvwZ9AiRIsmT,Waajeed,30
0TRz7X2pWrNlOqmF0MmcSK,The Bowling Family,21
159EfTbAauNiYWo4L0n30z,Kamyr,27
2LGbyAUDuK1XOWkvhu06Go,Banda Imperio Sinaloense De Oscar Curiel,22
5reIljEt4WbrjlIhyQB8GE,Head Wound City,23
0x2dx3ZK9ZXcKaOrh3SnyN,Armchair Cynics,26
3lN70MoiO9u6b95CsTeB1J,Pearson Sound,33
48zuJ05tvMBU1QpCA1aiDf,The Globetroddas,33
5Ei1weXWr0AIdVjtDJ1JwH,Stephen Sloan,27
3mQCjrbMyf1Dfpeq694xui,The Union Station,22
55368UD7jgkwsFyt5oOKzr,Jessica Lamb,22
6olBVa8DSbt2M0FAR7AAkI,Mario Guerrero,47
6bBHg4IBdDetT8Ix25HXUN,Tall Tales,43
5K0ecq1n7e5BnM7FxgVi3G,Shuga Wuga,42
1rzlKhKeEdgmLg2Jqdd24D,Deborah Koan,26
6OOka0DmC4TTpNa1YRHbLi,Coco Band,26
30RnihWZIvAL4xTLSj0Caz,Maricarmen Marin,43
09CyPArcJ4jYLXtF1UBhuj,Emily Reo,22
1fkOPmDinp20wFt7Ach4WX,Colby Osborn,23
3hHNp8Z01f4h9xtEoM4y3q,John Jay,29
2YJ9heXWEDypzrXDW19hDr,George Fields,29
6tAgYpM8g6Uc5Vv2yuYPLN,Chente Corleone,21
0UJLCzBpalel3qZCvPlppO,Alleylife,31
72iuahEAHKaMzDXKVw6e8P,Estudio K L,30
1749FfRhbpXEXFmrHJe31n,Orquestra Gulbenkian,35
7ckFb3Pn9cksA5rXa9B5LL,Malrun,34
0RnIxNYhxW5DnxUXC5pGjE,Conjunto Clasico / Tito Nieves,32
00NwpiTtYKYzE6yEhSbFIk,Prurient,32
3xdzcbPavMUSRPpluOFwP2,Emily DeLoach,25
6V2pvueEvgTwzyYPjo1T4f,Damu,25
0FfPxMVioYbHwBxj7vuuOr,SickTanicK,26
0sCYWyAncpUHQZ4l9M1PDd,Danielle Ate The Sandwich,26
5miOc8JPyQ5oPlLxiUR16y,Grupo Atado,27
7fhSN2Pok7u6J2IER2MFeQ,Sam Sneed,29
2Q2a0X0xBNAVX8WePT3epu,Daisy May,25
1qoF2cqOvz3b7uyh2cNBDG,DJ Vlad,25
6nCIgcD7WM8HmbvptXECP9,Michael Maas,31
0k8OKrLrQaizmJKKtMIs3z,The Landing,27
6wtQsVMMzaKcK3hUEI1C1X,The Gothard Sisters,29
5FU2dfPUR5sVSKB1QLsy8x,Jeff Hall,34
4jLwxjH4aTmErif4g9yuao,Herb Surface,29
1as94BCaGCiokfZjnS26MW,Lisa Beckley,33
4CenwegWYcU6hqBZ4meSia,The Slow Death,30
2O4dqwxUZfCpuTh69wziNi,Central Coast Clique,27
20H1ao8yJA1l2KfnCEJFWW,John Molo,25
47m9IPURs2aBzBDdHGsHIn,Bill Elliott Swing Orchestra,34
70ZPNgjsU0Kcdkfg0M9TFU,La Banda Algarete,24
0SdVldz98xvH0CfQAeznTk,Nicole Sheahan,26
5InkxhIueaCerWquUvxOZN,Safemode,31
1Yf3fs3eLssRoT9T326j8i,047,44
5I8bL6SIAfCs0OYR4pSAmC,Andrea Bischof,30
3YyBLMQmmYqkg5UhUWMPv2,Have Nots,29
5CF3ghXdP30I58xqDF1nLW,Raza For Christ,30
01kwpdxNuOyzbfJ0ET7osn,Folk Uke,29
2liXWDAyGlmHnwMiR50Z6b,Pocho Perez,27
0gO5Vbklho8yrBrUdHhuLH,Oficina G3,56
04kzQulIze9pZ7MadKI9w2,Señor Loop,44
3QZe2R0WQ6Hqa0IjHwj6sY,Big Phony,29
7KFv5Cni7kseXWHJnnejXk,Malevolence,40
02CTDFMSqrERKLmymVuSGy,Josh Halverson,25
1PxJU22F7rKErB3a03jpgb,The Geoffro Cause,27
5M3cCzIdZYe7J1ON9XX6xQ,Qva Libre,32
1BXpXgd6FtHPGPqufGouG9,Ernie Orts,45
2Qk4RktIydAF4nEv17MFbb,Triune,26
2dn7slANEuZTGyraHIhEg0,Axe Bahia,45
34QsDw2FoLKi9BPllU1na9,Tom Morello: the Nightwatchman,32
7pFbeT2fRkHkJeYN1dgSCG,La Internacional Picosa Hernandez Banda,25
0usP8DxN7FRA6LAD0japVD,Astroid Boys,47
1dgMJEPxCjvvulIJzJdIKa,Bobby Compton,25
6VHljRnVVKWvK6jcnMNZoA,Peter Edwards Trio,33
1HQByXWb6xZur5QclggCYE,Gway,25
0JNPin8zS7V4CniQoNiLbi,Blameshift,32
4Vbsh5vkJgmyOK6ZNuenyT,Darkness Divided,27
0SKOs52uPAFWlkZVT5rL0b,V.V.S,24
1Ag6UM6dow2OH9V06mxzV5,Mekons,36
2Ym6PmLHtUKvoTmNqsHAjr,Hellfire Trigger,30
3NbuyRJml6VdSfpDFC5a7b,Avi Avital,42
0Q6pMuf7ur1BU2GZTCic7h,Contagious,38
17S2mEKDY4xHBWCy9kAPzk,Tony Succar,42
0m04NLVsIfjqZMBfw7vTf4,The Salsoul Orchestra,39
5FMJmFHAHl3MGlmMWoEGlH,Ms. Hollywood,31
2ddZ1BXZRru1QyhNBSIb7E,Grant Terry,32
2yafXsdiWqzr4iDmqVZ2le,Jordan Reyne,39
1ZbBc3xqUraSV4RTNXVTVt,The President's Own United States Marine Band,32
6RunIqBz4EYqvcj4liofa0,Brandon Wardell,32
6KkZ8paK62MBwTyZGtZhyO,Rich Kidd,34
1OYqNQPzPOY7kJKQrryonf,Warr Acres,32
2LnGGtWA0aGHKW0hRghrWq,Terra Lightfoot,42
0eJnyYv95cVqWkoujUq7kb,T. P. Orchestre Poly-Rythmo,38
3yd2ZlN70TIPK2xjqVaXus,La Tuna Estudiantina de Cayey,30
1CmRmBCOQnukXTAlG8vgkV,David Heartbreak,33
2eBqkaIfoNsOPCQCQEy5fD,Benny Jamz,67
2pzKzgyZZdp2u8e8r3T1qa,Joseph Huber,33
6LVJCmVIjAkNaVWahYlOli,The Abigails,33
1zEo6Fk1iaaOYFlFPBHCFn,Humberto & Ronaldo,59
1n5YEhuNLUQG4fyhft986d,Field Report,33
5iFyVnPvgc3b4bduxnqn6l,Bo Saris,48
7r2RiE4MXUY1ICdA3gEHRv,Andi Smith,32
3v424D49DuMOcpZtpCyQAL,Nuff Sed,38
6B0kDtFzvP8POAh15fC5dh,BRKN RBTZ,45
2xFOQxks1T2GshUujxbJT8,James Maslow,38
53b2a4ytPlelgBJYLLocWh,Geoff Barrow,37
01dBySUVkftXHYYWmX4jlP,Malcolm Duncan,39
1IdX40nA0Jxas5CO6p90tC,Dave Greenberg,32
4r3RNyF5sHrEh1ds9mTr3o,Hifi Sean,38
58kEJAbZ1Knbo4UI2phUQv,Toño Lizarraga,37
2J7mB3v6pNIwrTcnLVhQgW,Lucy Stone,36
6KvhjquaYpKFTc166zucMu,Good Rockin' Doopsie,36
3ZKLzW8a8IJKerTsdVqp2s,Mateo Reyes,30
4xR0a2qurNH1PUikEUi6kB,The Paranoias,30
3KF7anPKoBvMZSJEFvZDN9,Zac Waters,41
0sUp4OMfNoWYVzDIevyR7t,Majid Kharatha,31
3TfPTnc5AriMC5a4jUcNrT,Northern Voice,36
6z7mf1FeKhq3GFy73o6PvC,Matute,51
4r6d4drhz83kHCRVJnzgdr,Marcelo Falcão,66
6wGhIwdbLwCuTAUU3s9RXJ,Hunter Hutchinson,31
2L61eJiG5lXPvh6PIxPHi2,All Dogs,32
7JkLQSdFKAV14VKvSmSrUZ,Tom & Dexx,41
0Wy14jDD8a0jTBzrs8JWYn,Robin Veela,60
3MOuTzsmuaO3SQN8WjzfNf,Tri Conscious,31
1y93PqDk1QVBjsR0w6Bt2n,Ex Reyes,32
40kHkqamhwCMOaQtiaPDiX,Cheerleader,34
1Yin8sYvH575rfGH0Q9KlH,Florian Paetzold,44
3SAFkB7Hc8yqNXj9TApuGp,Tre Coast,39
1ng2TUBQyhemZLHnFjypAk,Doug Montgomery,34
6e51lWcUBDM5LF0XPePQop,Ksenia Bashmet,38
7f1j59u1zuyyYNIhK5GPdM,Durrty D,27
1O5rl0K2M7NDlfgE9ChFfq,Introvoys,41
1Psm8hJWxg0ROd7p2tdPcq,Forrest Day,27
2GLeuQsqfwk8iIkqyp1c3w,Verbz,31
1gjYCdpkRbQf6hQmmGNPsj,Hones-T,46
7emzuJJA7yCSe3lFP0geRX,Restorations,28
4whp3jSWWaITn36r9D4ZLf,Shapeshifter,51
52O2TNxylxwGKkAj6wyZTH,Sleep Solution for Tinnitus,28
4XO7Nqs7Wp3TTberdzMiK6,Los 4 De Arranque,26
6N6LriP68QWmbAw1LEsKXa,Karen Waldrup,30
6HgtmzxBUaUiNEoOeho6w0,$woop,27
7v57fCWxYGDdhK7dG7RPTc,Prince Ea,32
5Y1mABJFTFSMePLu3Z4QXJ,Shadow the Archangel,25
1cWaL9DqFvLTrmoGnjqDi3,Vanessa Vissepó,31
6ignu1FESsoUapE3EnbCFL,Ceres,40
4BytPrwCFHaxTtfKxoaaxD,The Bots,32
27bcICrn8AzRbdIUo99mzO,Mike Ruby,31
7wOPW6zvuU6wZI109XrADb,D-Angelo,32
6T86uN02MAjAayagSHKIpA,HeeSun Lee,27
2KjaL4J0uboVxiWcClmk9X,The Honey Trees,32
6ocNmAGngdgXvxTTxfSc8j,Indidjinous,26
7c34Wg8HcWO9BWhHLwiXsr,Xcelencia,37
3kSP2mdNoM89upqDP3WKoP,"Wiz Khalifa, Big Bang & Bigbake",28
0RMsiUCTjsdGjoKyhEm8Y4,Mamta Sharma,31
3J3ZL8cDJpD90GxfzsQG69,Ambient,30
03DDDfXOjkqWelBJntrTpX,David Greilsammer,33
2tH3xTH1BpfXMSR3DACoyO,Bea Luna,26
5g37FJnjDBOC6Y6LoMxIBJ,Centaspike,26
6wXFUcaG7779tb1Ok72GBn,Herbert,41
6ppPc4MPyhsL2qjeF4t6b7,Ghost Machine,29
1tiiNX1BTCrrKdp5z6pFPe,James Carpinello,36
6SLFgb1SlDvGfX0WAZSHDc,Ed Thomas,41
5F9DUEYKHpGbOeSFGnAKeW,Disney's Friends For Change,28
1dRQ2Gb5Fl8mzsB2SetWZv,Jareth,40
32pCi652r3x1rEIAJiW3O9,Senor Bachata,36
6vuHXpySAbiBH0BlWpznYZ,Pascal Pinon,38
2Vw2nZQSq8e1JT6SKaiMSG,Jon Robyns,30
563WRI9dfOxQmHUooyJgW8,Natalino,49
29mU6yZoy2FkweicccSp3D,Sinima Beats,29
69TACnirp8ltMJrWertY3K,Mark Bebbington,32
1eEqQ8mBTh3uuqCnZCc0ls,Malcolm Kirby Jr,33
4Kv7Splj4TPpJdZkkNd78K,Alific,27
1zPBaiyAP0pKi4oMnvfAUi,Connor Kelly,27
6HBRYYe6mpuNCOqiJHYk3S,Taco Land,25
4E6qYqhEd16jLWcW6GegAv,David Guetta - Nicki Minaj - Flo Rida,25
5eQMBi2k51p7m29UJPiPBF,Mitch Gamble,30
5eTYZk0BrCzlQ1JiLRSwW1,Kamelia,43
3v5TXouti3OJHnkGXjGK3a,Jeffery Dallas,27
1pnzip6Xgb2Qs3xWHFx6Jt,Wilhelm Peterson-Berger,33
1oBQWJ7ZDjgkJA5Z9mC2ew,Work Of Art,35
10YE3MtEMvQZZr4NIwiQF0,Nina Creque,20
6CDebPALpa0iwJyx0IgnaC,Agir,49
6qrS6jqZfr8HJe3IWkQqv2,Karunya,22
48FMLtgYG1ykrtK4h7iGOf,Eric G,22
4gV2sJGkviSLAJY1ojI4Ps,Marjan Mozetich,26
0l125ZlPNG78OaXwBbBEth,Itzik Shamli,24
5MOkD0SfNHDVh1s9Fi3P16,Desi,29
1snFy8CL2AGHTrQiWcvQR2,Francesco Piemontesi,27
5GRceTPo6rnCpddIi4QMM1,Dan Locklair,25
0eO1d7YpvL1PPupUCkldF1,Los Mariachis de Mexico,30
7oXqKY12gSK5Q37dWZYWT0,El Columpio Asesino,46
7HoVqjRfwcumgHQiKd84jA,Grupo uno,45
45iwrW9MTdauua4etsP41U,Bill Black's Combo,24
69T3L0RkF7LaCLXDlHuC9j,Tootsie Guevara,34
3HgK8b2fPiYmpYNJh7jcwz,Sesame Street Cast,21
1hFDDJCrbjhSUOPP5EiJoK,Luis Felipe Gonzalez,34
2IuTspiSwgQQs4LmvNSBIZ,Susie Ledge,28
60vLjtgcrQRJuLfEvM2v2j,John Ward,24
373xNNbUF6ypZ97H8KVGU0,Exodus Quartet,26
0aMmI94gb6oe7Ihd9mfznp,Mariachi Garibaldi,26
71UXShYgKkgJtTlsCj6Jgu,Manuel Donayre,35
4B2XiDQFCTuNjnST0pDLMd,Johnny Morris,27
6uL92FHN1ydTXGHJIjGqn5,Huw Lloyd-Langton,22
52f9xu2VBr99vFO7bzxiLP,Robbie,30
2ryY5UTorD1MXmnOcC7jCi,Lili Boulanger,27
1RnfOWhJmlJgI6yGAtdX1v,Samantha,34
0yVDB69ZMFp6w9iSKXz4J9,Julia Biel,35
6ajHSKuOp3WolBjTkvi8Ww,Jimmy Sturr,20
2FIdQw5j2RpoSKSg3siOmy,Jimmy Gilmer & The Fireballs,23
2YyyRcMjrl3vk2PGrtIOgN,Janacek Philharmonic Orchestra,26
53qqj1ih4yfPRgUYtEJjVR,Sara Lov,30
0PFRkhm14YQImpABSp7asO,Camerata Antonio Lucio,26
3ilw3NJXRWd153LIBsme1z,K.O,32
6KQ13mUMkhFeNZyDhKHwyR,Trek Life,25
1lE7xeXVowPhow9Zle3Yup,Style of Five,31
5AwLKcjkHnybsRwhrwq8Pj,Gunild Keetman,27
2dRWH3NPjbiZIFKc0sLUta,J. Reuben Silverbird,25
5VCjzKWxa43Bw6IHAlXYeM,Etta May,21
6vSFZU0QsGWobt9rhfGAtR,Nick Griffin,21
4exzhOBj837zFRm6IZTZD7,Drew Hastings,20
66lIISccAB1XuLSBfzci0s,Jimmy Dore,21
7bO9rUH5Yd2Td8S1TMoBUP,Muslimgauze,27
6ZVfHxLMEIgsFel66VJxpG,Robert Gass,26
0KkJoXozXmbRdmpy7zCmYA,William Grant Still,21
4OC2KeYqoVmpLzebpQDIcC,Dan Higgins,21
0yeXJ3PflYqGbU9IcdO4R4,The Bluegrass Cardinals,21
0PWJr1DVrl4TCoRBpZ3aRr,The Paperboys,24
3tv4gnWPMJFl3PFmhZNtFN,John Salmon,23
5SVSXAOpVlQV2OjnVM3utV,Anticyc,28
5Ofb5xRIUszJdtHNPJTAXV,RAM6,28
2h3mklfcnHcxcdw88nJvut,Ill Majestic,28
41gy1E3ZlSK5KOjiDiqgmH,Natureboy Flako,39
40MxKrk3WiFYGXvVtrRON6,Novi,36
7J7CNsSls7pUihNVURwvz9,IDA,36
1FYE37rOHOrxO1lHAQUkCl,Antoine Bradford,32
64vDfJX3zTXJ3tGeUPrc0E,Anna Elashvili,28
2041Wg2ZxJyE4s7BUEr24h,Classical Meditation Players,32
40PKhGDdgujqki1xkJ524Z,T.R. Shine,28
6BBT4ZWO8hPsSSvb3gOr69,Trey Timeless,28
5oR5JjCXsdwdho4arNfO4C,KHEM,33
0pu2ttxwgOg6Lj3QIUMxtj,LilCrissOnTheBeat,28
44IIpF50PRmI9cnufMzVW9,Dj Chizzle Beatz,28
2yB1fvAFMDGDyzNEdCBhHV,SamWiseMuzik,28
0gMDmT9p1JEmsjF97dFYBV,Ville,29
0yWhjOXs7mxxdICDkVpUTa,Babysounds,42
1hID1m0YKQCLmkp1IRteZn,Envious,28
5GArPXRmy5WUjYkkc0KVbp,Gnavis,30
4VnMJXQpix0onjop2VNFvX,Samantha Cole,35
7qsVeIQiVK6NwCyzJnpEo7,Avishai Cohen,38
0M1oRNBdlNjTMoHldxxLdl,Crash and the Boys,29
0B94ekfBARqVS2gwrTnvJ6,Elisabeth Schwarzkopf,40
4fwcEh4tMsyFvKvO8w7DKO,Iván Fischer,38
1F3yfrc1DyiWsM0YG7kpsN,Matthias Goerne,39
1DMt4oqEDfdHBeoH3BD0bk,USSR State Symphony Orchestra,35
1W77aQWfts1OQGp6WyMRtR,Bulgarian Symphony Orchestra,46
2LTSGXLXtf1q9TbH6gJlpG,Arve Tellefsen,41
4if1U9RYhAJN9msYzpsfwh,Wolfgang Haffner,44
5v2GEv1pQaCp6oeOQROdKE,Gabriella Cilmi,48
2M4KXzgedR4EKG4qgTeDKa,Love Unlimited,43
1aO9NulHwrE9pxHXFfCIoM,Anouar Brahem,42
2kV3Q07NlB0i9taIpo2KyF,Dandy Livingstone,40
47BNWfpngeFHYvBlPPyraM,Kate Ryan,52
4AIo9dEYhuS3AtwhhKgA0M,The Teardrop Explodes,40
1PGjAoXiKP1Hcx788WVFx9,Kermit the Frog,30
76wrW4AIV9KcriWcqZafAA,Mick Moloney,32
4zVfvSWs6FvSD6B5lQGs2S,Peter Andre,52
7hbhhKxV5iT4C9kQMEW507,DJ Class,29
0Orz1QOZQrwampy0S742oK,Wippenberg,35
5jqKIZLB5WA5KquEihB3ND,Deacon Blue,53
0SPl1471EOdKn6IrGP3Jwx,Gavin Friday,37
500N0I1rRpN81oULt3QUFY,Tchavolo Schmitt,38
2d3hwc0TXrmnFXnooaTFHC,Anthony Blair Hall,29
1h5fdExX00l0ujyhHMwFHt,Peace Orchestra,38
1vus7FPSN3bKTHtIsTjUXh,Young Rome,30
3uDWnUybpzvlpNwy3qbOeQ,Mr. Kee,32
4L02qjtK3vNGZpz7hEMMfM,Big Steve,29
4sb3Y6tcQku2jQucdzx8PM,Marilyn Mazur,35
51P4Dbg6whYIZ0WexxVUqX,Kate Earl,30
